[{"id":"972595651155@c.us","xp":8205,"level":36},{"id":"393518199968@c.us","xp":5929,"level":30},{"id":"46760221827@c.us","xp":5614,"level":29},{"id":"96569000647@c.us","xp":4554,"level":26},{"id":"19283621016@c.us","xp":4439,"level":25},{"id":"46707347194@c.us","xp":4396,"level":25},{"id":"96596665767@c.us","xp":3716,"level":23},{"id":"13095611384@c.us","xp":3440,"level":22},{"id":"917620436307@c.us","xp":3277,"level":21},{"id":"918838256324@c.us","xp":3264,"level":21},{"id":"254708773894@c.us","xp":3113,"level":21},{"id":"96176866717@c.us","xp":2876,"level":20},{"id":"27627242970@c.us","xp":2611,"level":18},{"id":"94763090138@c.us","xp":1853,"level":15},{"id":"6283129941527@c.us","xp":1838,"level":15},{"id":"917099219739@c.us","xp":1614,"level":14},{"id":"923004396474@c.us","xp":1520,"level":13},{"id":"918675568660@c.us","xp":1512,"level":13},{"id":"966552522094@c.us","xp":1333,"level":12},{"id":"917639218966@c.us","xp":1330,"level":12},{"id":"393338666586@c.us","xp":1167,"level":11},{"id":"14372486312@c.us","xp":1081,"level":10},{"id":"918072799350@c.us","xp":1044,"level":10},{"id":"919056058349@c.us","xp":1039,"level":10},{"id":"6596571589@c.us","xp":993,"level":10},{"id":"16105027716@c.us","xp":983,"level":10},{"id":"27670503581@c.us","xp":968,"level":10},{"id":"966560392419@c.us","xp":898,"level":9},{"id":"918248419783@c.us","xp":819,"level":8},{"id":"917470413386@c.us","xp":814,"level":8},{"id":"918848779730@c.us","xp":802,"level":8},{"id":"447398356138@c.us","xp":770,"level":8},{"id":"919319802819@c.us","xp":761,"level":8},{"id":"918248208408@c.us","xp":714,"level":8},{"id":"447818242247@c.us","xp":709,"level":8},{"id":"919790016332@c.us","xp":721,"level":8},{"id":"96176110196@c.us","xp":662,"level":7},{"id":"6596617016@c.us","xp":691,"level":7},{"id":"919578450548@c.us","xp":634,"level":7},{"id":"96176476247@c.us","xp":571,"level":6},{"id":"919655605560@c.us","xp":601,"level":7},{"id":"31686294910@c.us","xp":550,"level":6},{"id":"601164461554@c.us","xp":541,"level":6},{"id":"919629272673@c.us","xp":513,"level":6},{"id":"60189736592@c.us","xp":491,"level":6},{"id":"919748564742@c.us","xp":487,"level":6},{"id":"96176689034@c.us","xp":462,"level":5},{"id":"919840004347@c.us","xp":440,"level":5},{"id":"6287832560475@c.us","xp":437,"level":5},{"id":"16812064408@c.us","xp":495,"level":6},{"id":"918780820905@c.us","xp":422,"level":5},{"id":"917010460276@c.us","xp":435,"level":5},{"id":"919629350525@c.us","xp":419,"level":5},{"id":"918428048099@c.us","xp":402,"level":5},{"id":"96171472838@c.us","xp":397,"level":5},{"id":"19843896002@c.us","xp":382,"level":5},{"id":"918667812155@c.us","xp":390,"level":5},{"id":"97470026662@c.us","xp":363,"level":4},{"id":"18596086023@c.us","xp":355,"level":4},{"id":"918240948250@c.us","xp":347,"level":4},{"id":"94767677662@c.us","xp":338,"level":4},{"id":"966550331394@c.us","xp":318,"level":4},{"id":"919342286842@c.us","xp":316,"level":4},{"id":"918383990292@c.us","xp":313,"level":4},{"id":"919500648939@c.us","xp":317,"level":4},{"id":"6287782420277@c.us","xp":298,"level":4},{"id":"2348039807003@c.us","xp":286,"level":3},{"id":"96179138848@c.us","xp":281,"level":3},{"id":"918438316411@c.us","xp":269,"level":3},{"id":"918105426213@c.us","xp":269,"level":3},{"id":"9613848593@c.us","xp":236,"level":3},{"id":"5978999506@c.us","xp":223,"level":3},{"id":"963988449937@c.us","xp":211,"level":2},{"id":"61423917637@c.us","xp":208,"level":2},{"id":"233205258731@c.us","xp":207,"level":2},{"id":"919488560628@c.us","xp":222,"level":3},{"id":"919443195096@c.us","xp":197,"level":2},{"id":"6281393890570@c.us","xp":189,"level":2},{"id":"6588061017@c.us","xp":185,"level":2},{"id":"5215582566075@c.us","xp":185,"level":2},{"id":"919962797701@c.us","xp":181,"level":2},{"id":"19253293813@c.us","xp":176,"level":2},{"id":"918725025284@c.us","xp":175,"level":2},{"id":"918870783671@c.us","xp":174,"level":2},{"id":"213662629628@c.us","xp":174,"level":2},{"id":"919080449078@c.us","xp":172,"level":2},{"id":"918072806087@c.us","xp":175,"level":2},{"id":"918056385763@c.us","xp":166,"level":2},{"id":"919944791926@c.us","xp":171,"level":2},{"id":"919433047564@c.us","xp":145,"level":1},{"id":"917306707259@c.us","xp":144,"level":1},{"id":"919632820905@c.us","xp":140,"level":1},{"id":"96171220302@c.us","xp":138,"level":1},{"id":"919560202611@c.us","xp":128,"level":1},{"id":"17739885352@c.us","xp":125,"level":1},{"id":"917305643320@c.us","xp":122,"level":1},{"id":"40770685741@c.us","xp":119,"level":1},{"id":"919895801349@c.us","xp":115,"level":1},{"id":"60175223871@c.us","xp":105,"level":1},{"id":"919381205759@c.us","xp":98,"level":1},{"id":"601125760157@c.us","xp":93,"level":1},{"id":"917548896567@c.us","xp":91,"level":1},{"id":"918220029025@c.us","xp":87,"level":1},{"id":"917558970855@c.us","xp":81,"level":1},{"id":"905512026442@c.us","xp":80,"level":1},{"id":"201121794630@c.us","xp":75,"level":1},{"id":"50765923051@c.us","xp":88,"level":1},{"id":"919560303903@c.us","xp":74,"level":1},{"id":"919943622716@c.us","xp":66,"level":1},{"id":"919789079831@c.us","xp":64,"level":1},{"id":"94755787737@c.us","xp":63,"level":1},{"id":"19082794020@c.us","xp":61,"level":1},{"id":"917777987694@c.us","xp":61,"level":1},{"id":"916394380522@c.us","xp":59,"level":1},{"id":"212639660851@c.us","xp":59,"level":1},{"id":"919360658733@c.us","xp":66,"level":1},{"id":"16106999265@c.us","xp":75,"level":1},{"id":"917708737004@c.us","xp":52,"level":1},{"id":"917299417070@c.us","xp":59,"level":1},{"id":"27656341751@c.us","xp":49,"level":1},{"id":"918921208266@c.us","xp":39,"level":1},{"id":"919874627333@c.us","xp":35,"level":1},{"id":"919946758212@c.us","xp":33,"level":1},{"id":"31643219248@c.us","xp":33,"level":1},{"id":"919047823292@c.us","xp":41,"level":1},{"id":"60177942544@c.us","xp":24,"level":1},{"id":"96181284040@c.us","xp":24,"level":1},{"id":"918660335353@c.us","xp":21,"level":1},{"id":"96550910720@c.us","xp":17,"level":1},{"id":"919361379282@c.us","xp":14,"level":1},{"id":"6590991503@c.us","xp":12,"level":1},{"id":"491778895296@c.us","xp":9,"level":1},{"id":"447533847127@c.us","xp":6,"level":1},{"id":"31649579572@c.us","xp":0,"level":1},{"id":"918754794496@c.us","xp":0,"level":1},{"id":"918428955396@c.us","xp":0,"level":1},{"id":"916290888687@c.us","xp":0,"level":1},{"id":"919789479432@c.us","xp":0,"level":1},{"id":"60142914628@c.us","xp":0,"level":1},{"id":"919843639943@c.us","xp":0,"level":1},{"id":"918667311656@c.us","xp":0,"level":1},{"id":"917439072864@c.us","xp":0,"level":1},{"id":"919046827778@c.us","xp":0,"level":1},{"id":"918220829821@c.us","xp":0,"level":1},{"id":"966550007874@c.us","xp":0,"level":1},{"id":"919842781857@c.us","xp":0,"level":1},{"id":"919487433609@c.us","xp":0,"level":1},{"id":"254783159584@c.us","xp":0,"level":1},{"id":"918368376631@c.us","xp":0,"level":1},{"id":"918270359271@c.us","xp":0,"level":1},{"id":"919003543634@c.us","xp":0,"level":1},{"id":"919080002346@c.us","xp":0,"level":1},{"id":"919488161535@c.us","xp":0,"level":1},{"id":"918056993429@c.us","xp":0,"level":1},{"id":"916385486026@c.us","xp":0,"level":1},{"id":"916382950488@c.us","xp":0,"level":1},{"id":"263771075501@c.us","xp":0,"level":1},{"id":"916383156131@c.us","xp":0,"level":1},{"id":"265996233383@c.us","xp":0,"level":1},{"id":"5493875148360@c.us","xp":0,"level":1},{"id":"263712379995@c.us","xp":0,"level":1},{"id":"265885525272@c.us","xp":0,"level":1},{"id":"265883269128@c.us","xp":0,"level":1},{"id":"265994871622@c.us","xp":0,"level":1},{"id":"254727417351@c.us","xp":0,"level":1},{"id":"27634863626@c.us","xp":0,"level":1},{"id":"263776882845@c.us","xp":0,"level":1},{"id":"918420346099@c.us","xp":0,"level":1},{"id":"2349095334260@c.us","xp":0,"level":1},{"id":"94766547787@c.us","xp":0,"level":1},{"id":"17819232500@c.us","xp":0,"level":1},{"id":"918779665598@c.us","xp":0,"level":1},{"id":"96893288519@c.us","xp":0,"level":1},{"id":"917887989388@c.us","xp":0,"level":1},{"id":"918388017076@c.us","xp":0,"level":1},{"id":"919265585886@c.us","xp":0,"level":1},{"id":"6283838143983@c.us","xp":0,"level":1},{"id":"4915901709608@c.us","xp":0,"level":1},{"id":"27838229579@c.us","xp":0,"level":1},{"id":"918618219130@c.us","xp":0,"level":1},{"id":"14798888810@c.us","xp":0,"level":1},{"id":"60122182187@c.us","xp":0,"level":1},{"id":"263778010966@c.us","xp":0,"level":1},{"id":"919979622255@c.us","xp":0,"level":1},{"id":"62895801941440@c.us","xp":0,"level":1},{"id":"918340553112@c.us","xp":0,"level":1},{"id":"918075543158@c.us","xp":0,"level":1},{"id":"15167651098@c.us","xp":0,"level":1},{"id":"918754132870@c.us","xp":0,"level":1},{"id":"919445541459@c.us","xp":0,"level":1},{"id":"918903438172@c.us","xp":0,"level":1},{"id":"918606931276@c.us","xp":0,"level":1},{"id":"917373081806@c.us","xp":0,"level":1},{"id":"265883372834@c.us","xp":0,"level":1},{"id":"919677653038@c.us","xp":0,"level":1},{"id":"919445799495@c.us","xp":0,"level":1},{"id":"917736892498@c.us","xp":0,"level":1},{"id":"919489420342@c.us","xp":0,"level":1},{"id":"919629326377@c.us","xp":0,"level":1},{"id":"27658290271@c.us","xp":0,"level":1},{"id":"265886989130@c.us","xp":0,"level":1},{"id":"919080649245@c.us","xp":0,"level":1},{"id":"918100510074@c.us","xp":0,"level":1},{"id":"27836536920@c.us","xp":0,"level":1},{"id":"918667294731@c.us","xp":0,"level":1},{"id":"918270214791@c.us","xp":0,"level":1},{"id":"918129083932@c.us","xp":0,"level":1},{"id":"919539930317@c.us","xp":0,"level":1},{"id":"919787911138@c.us","xp":0,"level":1},{"id":"918943595508@c.us","xp":0,"level":1},{"id":"919176743936@c.us","xp":0,"level":1},{"id":"6288709645535@c.us","xp":0,"level":1},{"id":"15105126230@c.us","xp":0,"level":1},{"id":"919080091210@c.us","xp":0,"level":1},{"id":"917550238162@c.us","xp":0,"level":1},{"id":"919034737273@c.us","xp":0,"level":1},{"id":"919344310486@c.us","xp":0,"level":1},{"id":"919566677095@c.us","xp":0,"level":1},{"id":"60179022368@c.us","xp":0,"level":1},{"id":"60177743197@c.us","xp":0,"level":1},{"id":"6285750731918@c.us","xp":0,"level":1},{"id":"919629828889@c.us","xp":0,"level":1},{"id":"917002496935@c.us","xp":0,"level":1},{"id":"447958493743@c.us","xp":0,"level":1},{"id":"2349010638082@c.us","xp":0,"level":1},{"id":"212652520617@c.us","xp":0,"level":1},{"id":"79188361866@c.us","xp":0,"level":1},{"id":"212654446692@c.us","xp":0,"level":1},{"id":"212616038423@c.us","xp":0,"level":1},{"id":"31625262010@c.us","xp":0,"level":1},{"id":"919962490994@c.us","xp":0,"level":1},{"id":"212666340282@c.us","xp":0,"level":1},{"id":"212689665821@c.us","xp":0,"level":1},{"id":"886970189270@c.us","xp":0,"level":1},{"id":"919787518817@c.us","xp":0,"level":1},{"id":"27837181175@c.us","xp":0,"level":1},{"id":"17875088964@c.us","xp":0,"level":1},{"id":"2348081460265@c.us","xp":0,"level":1},{"id":"265882678088@c.us","xp":0,"level":1},{"id":"27614094230@c.us","xp":0,"level":1},{"id":"265998027737@c.us","xp":0,"level":1},{"id":"919840189438@c.us","xp":0,"level":1},{"id":"96176312624@c.us","xp":0,"level":1},{"id":"918098060920@c.us","xp":0,"level":1},{"id":"917010360744@c.us","xp":0,"level":1},{"id":"96171663122@c.us","xp":0,"level":1},{"id":"2349013106268@c.us","xp":0,"level":1},{"id":"919500316145@c.us","xp":0,"level":1},{"id":"96181079799@c.us","xp":0,"level":1},{"id":"96176500852@c.us","xp":0,"level":1},{"id":"96176607107@c.us","xp":0,"level":1},{"id":"96171920126@c.us","xp":0,"level":1},{"id":"96176532943@c.us","xp":0,"level":1},{"id":"27724696442@c.us","xp":0,"level":1},{"id":"9619545454@c.us","xp":0,"level":1},{"id":"27618726719@c.us","xp":0,"level":1},{"id":"919677702533@c.us","xp":0,"level":1},{"id":"27637648778@c.us","xp":0,"level":1},{"id":"917339105537@c.us","xp":0,"level":1},{"id":"27730015558@c.us","xp":0,"level":1},{"id":"27845786411@c.us","xp":0,"level":1},{"id":"27725668027@c.us","xp":0,"level":1},{"id":"27792395795@c.us","xp":0,"level":1},{"id":"263777015263@c.us","xp":0,"level":1},{"id":"27780778226@c.us","xp":0,"level":1},{"id":"12063210279@c.us","xp":0,"level":1},{"id":"265997815895@c.us","xp":0,"level":1},{"id":"212638325474@c.us","xp":0,"level":1},{"id":"27631831609@c.us","xp":0,"level":1},{"id":"918210581480@c.us","xp":0,"level":1},{"id":"212614487706@c.us","xp":0,"level":1},{"id":"27684366661@c.us","xp":0,"level":1},{"id":"212771918400@c.us","xp":0,"level":1},{"id":"263773893013@c.us","xp":0,"level":1},{"id":"212662895133@c.us","xp":0,"level":1},{"id":"27846477360@c.us","xp":0,"level":1},{"id":"5511980122014@c.us","xp":0,"level":1},{"id":"2348118304120@c.us","xp":0,"level":1},{"id":"27827678518@c.us","xp":0,"level":1},{"id":"212617021064@c.us","xp":0,"level":1},{"id":"212632039976@c.us","xp":0,"level":1},{"id":"212648750562@c.us","xp":0,"level":1},{"id":"212767569127@c.us","xp":0,"level":1},{"id":"212605074527@c.us","xp":0,"level":1},{"id":"212674163507@c.us","xp":0,"level":1},{"id":"917567714193@c.us","xp":0,"level":1},{"id":"263780116293@c.us","xp":0,"level":1},{"id":"918794012561@c.us","xp":0,"level":1},{"id":"917510276909@c.us","xp":0,"level":1},{"id":"918582921870@c.us","xp":0,"level":1},{"id":"447385840408@c.us","xp":0,"level":1},{"id":"60164360344@c.us","xp":0,"level":1},{"id":"27621886803@c.us","xp":0,"level":1},{"id":"16149926724@c.us","xp":0,"level":1},{"id":"6283155688351@c.us","xp":0,"level":1},{"id":"263714938391@c.us","xp":0,"level":1},{"id":"923324374671@c.us","xp":0,"level":1},{"id":"27737079179@c.us","xp":0,"level":1},{"id":"919903439905@c.us","xp":0,"level":1},{"id":"27838926605@c.us","xp":0,"level":1},{"id":"27677484583@c.us","xp":0,"level":1},{"id":"918050249569@c.us","xp":0,"level":1},{"id":"27836090836@c.us","xp":0,"level":1},{"id":"27783758621@c.us","xp":0,"level":1},{"id":"27792531671@c.us","xp":0,"level":1},{"id":"918617762727@c.us","xp":0,"level":1},{"id":"27781736521@c.us","xp":0,"level":1},{"id":"916282395048@c.us","xp":0,"level":1},{"id":"628871514752@c.us","xp":0,"level":1},{"id":"919395067102@c.us","xp":0,"level":1},{"id":"918902132065@c.us","xp":0,"level":1},{"id":"919163132173@c.us","xp":0,"level":1},{"id":"919834978627@c.us","xp":0,"level":1},{"id":"917356785541@c.us","xp":0,"level":1},{"id":"263784980001@c.us","xp":0,"level":1},{"id":"14157429940@c.us","xp":0,"level":1},{"id":"265996620875@c.us","xp":0,"level":1},{"id":"22234889486@c.us","xp":0,"level":1},{"id":"919901905668@c.us","xp":0,"level":1},{"id":"918140696226@c.us","xp":0,"level":1},{"id":"917083094630@c.us","xp":0,"level":1},{"id":"263782782267@c.us","xp":0,"level":1},{"id":"233554117400@c.us","xp":0,"level":1},{"id":"917892786126@c.us","xp":0,"level":1},{"id":"972523488877@c.us","xp":0,"level":1},{"id":"263719941527@c.us","xp":0,"level":1},{"id":"263714849228@c.us","xp":0,"level":1},{"id":"265880928438@c.us","xp":0,"level":1},{"id":"233554913048@c.us","xp":0,"level":1},{"id":"258855382601@c.us","xp":0,"level":1},{"id":"2347046137945@c.us","xp":0,"level":1},{"id":"258845452211@c.us","xp":0,"level":1},{"id":"447585457707@c.us","xp":0,"level":1},{"id":"923033448388@c.us","xp":0,"level":1},{"id":"447466217507@c.us","xp":0,"level":1},{"id":"919304405135@c.us","xp":0,"level":1},{"id":"967711500796@c.us","xp":0,"level":1},{"id":"436503495206@c.us","xp":0,"level":1},{"id":"12468250613@c.us","xp":0,"level":1},{"id":"919511224060@c.us","xp":0,"level":1},{"id":"249111850233@c.us","xp":0,"level":1},{"id":"40735337137@c.us","xp":0,"level":1},{"id":"967772869650@c.us","xp":0,"level":1},{"id":"967772677672@c.us","xp":0,"level":1},{"id":"16174580804@c.us","xp":0,"level":1},{"id":"97433200677@c.us","xp":0,"level":1},{"id":"96170664713@c.us","xp":0,"level":1},{"id":"9613398096@c.us","xp":0,"level":1},{"id":"96176945822@c.us","xp":0,"level":1},{"id":"6281333287800@c.us","xp":0,"level":1},{"id":"233545042788@c.us","xp":0,"level":1},{"id":"923094991025@c.us","xp":0,"level":1},{"id":"916009959027@c.us","xp":0,"level":1},{"id":"201018008228@c.us","xp":0,"level":1},{"id":"233561356966@c.us","xp":0,"level":1},{"id":"917908854961@c.us","xp":0,"level":1},{"id":"96179130935@c.us","xp":0,"level":1},{"id":"601128833797@c.us","xp":0,"level":1},{"id":"351938555762@c.us","xp":0,"level":1},{"id":"2347042813823@c.us","xp":0,"level":1},{"id":"917447444265@c.us","xp":0,"level":1},{"id":"233200504795@c.us","xp":0,"level":1},{"id":"62895706135577@c.us","xp":0,"level":1},{"id":"32489097370@c.us","xp":0,"level":1},{"id":"2348061563513@c.us","xp":0,"level":1},{"id":"919935451823@c.us","xp":0,"level":1},{"id":"447501341022@c.us","xp":0,"level":1},{"id":"917061307009@c.us","xp":0,"level":1},{"id":"917077102736@c.us","xp":0,"level":1},{"id":"447824318069@c.us","xp":0,"level":1},{"id":"79216004659@c.us","xp":0,"level":1},{"id":"96178871884@c.us","xp":0,"level":1},{"id":"917990881088@c.us","xp":0,"level":1},{"id":"917034861242@c.us","xp":0,"level":1},{"id":"918866683115@c.us","xp":0,"level":1},{"id":"15072293980@c.us","xp":0,"level":1},{"id":"917807156403@c.us","xp":0,"level":1},{"id":"13232526945@c.us","xp":0,"level":1},{"id":"17132400640@c.us","xp":0,"level":1},{"id":"12365000049@c.us","xp":0,"level":1},{"id":"447405819257@c.us","xp":0,"level":1},{"id":"917065710390@c.us","xp":0,"level":1},{"id":"916306984357@c.us","xp":0,"level":1},{"id":"918787608103@c.us","xp":0,"level":1},{"id":"919540244387@c.us","xp":0,"level":1},{"id":"31657554240@c.us","xp":0,"level":1},{"id":"918882763738@c.us","xp":0,"level":1},{"id":"6281324119424@c.us","xp":0,"level":1},{"id":"917982162808@c.us","xp":0,"level":1},{"id":"94704595545@c.us","xp":0,"level":1},{"id":"919118881949@c.us","xp":0,"level":1},{"id":"917776818394@c.us","xp":0,"level":1},{"id":"916353522042@c.us","xp":0,"level":1},{"id":"919073839747@c.us","xp":0,"level":1},{"id":"919106957405@c.us","xp":0,"level":1},{"id":"13018189230@c.us","xp":0,"level":1},{"id":"919625711296@c.us","xp":0,"level":1},{"id":"13092208990@c.us","xp":0,"level":1},{"id":"916003627681@c.us","xp":0,"level":1},{"id":"15876008318@c.us","xp":0,"level":1},{"id":"905348320863@c.us","xp":0,"level":1},{"id":"918958223390@c.us","xp":0,"level":1},{"id":"31683780824@c.us","xp":0,"level":1},{"id":"16282611180@c.us","xp":0,"level":1},{"id":"918287547079@c.us","xp":0,"level":1},{"id":"917021914008@c.us","xp":0,"level":1},{"id":"918169067063@c.us","xp":0,"level":1},{"id":"917077247075@c.us","xp":0,"level":1},{"id":"919732363996@c.us","xp":0,"level":1},{"id":"918684903586@c.us","xp":0,"level":1},{"id":"918108470180@c.us","xp":0,"level":1},{"id":"918619278664@c.us","xp":0,"level":1},{"id":"919033299112@c.us","xp":0,"level":1},{"id":"919433315575@c.us","xp":0,"level":1},{"id":"447784712967@c.us","xp":0,"level":1},{"id":"250786236577@c.us","xp":0,"level":1},{"id":"917908897908@c.us","xp":0,"level":1},{"id":"447984549565@c.us","xp":0,"level":1},{"id":"917735377696@c.us","xp":0,"level":1},{"id":"917276904621@c.us","xp":0,"level":1},{"id":"918397942333@c.us","xp":0,"level":1},{"id":"27678434758@c.us","xp":0,"level":1},{"id":"919321152161@c.us","xp":0,"level":1},{"id":"919330174121@c.us","xp":0,"level":1},{"id":"918437377901@c.us","xp":0,"level":1},{"id":"918217615861@c.us","xp":0,"level":1},{"id":"27835589315@c.us","xp":0,"level":1},{"id":"918668743530@c.us","xp":0,"level":1},{"id":"919742244441@c.us","xp":0,"level":1},{"id":"919340447089@c.us","xp":0,"level":1},{"id":"918758915505@c.us","xp":0,"level":1},{"id":"923168444972@c.us","xp":0,"level":1},{"id":"918630385549@c.us","xp":0,"level":1},{"id":"917002271799@c.us","xp":0,"level":1},{"id":"917908503894@c.us","xp":0,"level":1},{"id":"27789649752@c.us","xp":0,"level":1},{"id":"917975836821@c.us","xp":0,"level":1},{"id":"917009058756@c.us","xp":0,"level":1},{"id":"917837561700@c.us","xp":0,"level":1},{"id":"27738390333@c.us","xp":0,"level":1},{"id":"917489322371@c.us","xp":0,"level":1},{"id":"917980560241@c.us","xp":0,"level":1},{"id":"27678793526@c.us","xp":0,"level":1},{"id":"919499449857@c.us","xp":0,"level":1},{"id":"27824837918@c.us","xp":0,"level":1},{"id":"917353147629@c.us","xp":0,"level":1},{"id":"918013261267@c.us","xp":0,"level":1},{"id":"254792459509@c.us","xp":0,"level":1},{"id":"919123605950@c.us","xp":0,"level":1},{"id":"916294785406@c.us","xp":0,"level":1},{"id":"918660186497@c.us","xp":0,"level":1},{"id":"919354490511@c.us","xp":0,"level":1},{"id":"918168158446@c.us","xp":0,"level":1},{"id":"919748683629@c.us","xp":0,"level":1},{"id":"919993405678@c.us","xp":0,"level":1},{"id":"918879925119@c.us","xp":0,"level":1},{"id":"40746012230@c.us","xp":0,"level":1},{"id":"916360490003@c.us","xp":0,"level":1},{"id":"918690090737@c.us","xp":0,"level":1},{"id":"919969072881@c.us","xp":0,"level":1},{"id":"917470374131@c.us","xp":0,"level":1},{"id":"919930359639@c.us","xp":0,"level":1},{"id":"917567255701@c.us","xp":0,"level":1},{"id":"905050971055@c.us","xp":0,"level":1},{"id":"919723556443@c.us","xp":0,"level":1},{"id":"919987056747@c.us","xp":0,"level":1},{"id":"8801775944287@c.us","xp":0,"level":1},{"id":"918601214741@c.us","xp":0,"level":1},{"id":"917498916170@c.us","xp":0,"level":1},{"id":"917218090558@c.us","xp":0,"level":1},{"id":"917000108585@c.us","xp":0,"level":1},{"id":"918697945455@c.us","xp":0,"level":1},{"id":"919867579036@c.us","xp":0,"level":1},{"id":"916309123890@c.us","xp":0,"level":1},{"id":"966549019904@c.us","xp":0,"level":1},{"id":"14152754944@c.us","xp":0,"level":1},{"id":"918959923103@c.us","xp":0,"level":1},{"id":"923032563982@c.us","xp":0,"level":1},{"id":"51900408474@c.us","xp":0,"level":1},{"id":"919366452574@c.us","xp":0,"level":1},{"id":"554291218530@c.us","xp":0,"level":1},{"id":"917903778476@c.us","xp":0,"level":1},{"id":"918789282023@c.us","xp":0,"level":1},{"id":"27839769124@c.us","xp":0,"level":1},{"id":"918368287560@c.us","xp":0,"level":1},{"id":"917827401811@c.us","xp":0,"level":1},{"id":"2349072091349@c.us","xp":0,"level":1},{"id":"2349017074178@c.us","xp":0,"level":1},{"id":"447459438349@c.us","xp":0,"level":1},{"id":"447565847421@c.us","xp":0,"level":1},{"id":"2347039599254@c.us","xp":0,"level":1},{"id":"60186418619@c.us","xp":0,"level":1},{"id":"447593640434@c.us","xp":0,"level":1},{"id":"918898443986@c.us","xp":0,"level":1},{"id":"918556988265@c.us","xp":0,"level":1},{"id":"918260891423@c.us","xp":0,"level":1},{"id":"918586807325@c.us","xp":0,"level":1},{"id":"917060710030@c.us","xp":0,"level":1},{"id":"6283164672664@c.us","xp":0,"level":1},{"id":"233206261887@c.us","xp":0,"level":1},{"id":"919108283469@c.us","xp":0,"level":1},{"id":"918104412614@c.us","xp":0,"level":1},{"id":"918630998579@c.us","xp":0,"level":1},{"id":"916002110728@c.us","xp":0,"level":1},{"id":"27671940546@c.us","xp":0,"level":1},{"id":"919991223386@c.us","xp":0,"level":1},{"id":"918530657956@c.us","xp":0,"level":1},{"id":"917002070211@c.us","xp":0,"level":1},{"id":"917077449178@c.us","xp":0,"level":1},{"id":"27727720258@c.us","xp":0,"level":1},{"id":"18733710400@c.us","xp":0,"level":1},{"id":"917338052712@c.us","xp":0,"level":1},{"id":"970595767255@c.us","xp":0,"level":1},{"id":"447448481102@c.us","xp":0,"level":1},{"id":"917506833464@c.us","xp":0,"level":1},{"id":"393205396102@c.us","xp":0,"level":1},{"id":"917001328396@c.us","xp":0,"level":1},{"id":"917981714235@c.us","xp":0,"level":1},{"id":"917819938379@c.us","xp":0,"level":1},{"id":"917396237561@c.us","xp":0,"level":1},{"id":"554188617742@c.us","xp":0,"level":1},{"id":"96170094426@c.us","xp":0,"level":1},{"id":"919407635446@c.us","xp":0,"level":1},{"id":"5521990803817@c.us","xp":0,"level":1},{"id":"573108483916@c.us","xp":0,"level":1},{"id":"22371681899@c.us","xp":0,"level":1},{"id":"48784801658@c.us","xp":0,"level":1},{"id":"8801752849942@c.us","xp":0,"level":1},{"id":"18058672765@c.us","xp":0,"level":1},{"id":"573013932657@c.us","xp":0,"level":1},{"id":"27785977776@c.us","xp":0,"level":1},{"id":"558581890604@c.us","xp":0,"level":1},{"id":"447766563820@c.us","xp":0,"level":1},{"id":"17276124764@c.us","xp":0,"level":1},{"id":"447379929685@c.us","xp":0,"level":1},{"id":"6289694776750@c.us","xp":0,"level":1},{"id":"447902435643@c.us","xp":0,"level":1},{"id":"32467877359@c.us","xp":0,"level":1},{"id":"639701522226@c.us","xp":0,"level":1},{"id":"2349068381478@c.us","xp":0,"level":1},{"id":"553180159530@c.us","xp":0,"level":1},{"id":"21627553530@c.us","xp":0,"level":1},{"id":"34671735530@c.us","xp":0,"level":1},{"id":"905380683860@c.us","xp":0,"level":1},{"id":"5217222905813@c.us","xp":0,"level":1},{"id":"33774193947@c.us","xp":0,"level":1},{"id":"923109429632@c.us","xp":0,"level":1},{"id":"6281276524315@c.us","xp":0,"level":1},{"id":"5213331907610@c.us","xp":0,"level":1},{"id":"918471970814@c.us","xp":0,"level":1},{"id":"16315129973@c.us","xp":0,"level":1},{"id":"919711917832@c.us","xp":0,"level":1},{"id":"918078042624@c.us","xp":0,"level":1},{"id":"918837393250@c.us","xp":0,"level":1},{"id":"254741787450@c.us","xp":0,"level":1},{"id":"919205538445@c.us","xp":0,"level":1},{"id":"491637036842@c.us","xp":0,"level":1},{"id":"5214426583069@c.us","xp":0,"level":1},{"id":"447432245371@c.us","xp":0,"level":1},{"id":"5493547459545@c.us","xp":0,"level":1},{"id":"79883382078@c.us","xp":0,"level":1},{"id":"46704980434@c.us","xp":0,"level":1},{"id":"447789302543@c.us","xp":0,"level":1},{"id":"5978935106@c.us","xp":0,"level":1},{"id":"919876177679@c.us","xp":0,"level":1},{"id":"918319346230@c.us","xp":0,"level":1},{"id":"917585972011@c.us","xp":0,"level":1},{"id":"918217784922@c.us","xp":0,"level":1},{"id":"966532288449@c.us","xp":0,"level":1},{"id":"917550042004@c.us","xp":0,"level":1},{"id":"917063273096@c.us","xp":0,"level":1},{"id":"919399685995@c.us","xp":0,"level":1},{"id":"917003716758@c.us","xp":0,"level":1},{"id":"919637391608@c.us","xp":0,"level":1},{"id":"918390658863@c.us","xp":0,"level":1},{"id":"917003014637@c.us","xp":0,"level":1},{"id":"959970499132@c.us","xp":0,"level":1},{"id":"918825014071@c.us","xp":0,"level":1},{"id":"905078435622@c.us","xp":0,"level":1},{"id":"447700022220@c.us","xp":0,"level":1},{"id":"201115302335@c.us","xp":0,"level":1},{"id":"918964052724@c.us","xp":0,"level":1},{"id":"919321522751@c.us","xp":0,"level":1},{"id":"919914154972@c.us","xp":0,"level":1},{"id":"918779860668@c.us","xp":0,"level":1},{"id":"62895324838265@c.us","xp":0,"level":1},{"id":"919967106922@c.us","xp":0,"level":1},{"id":"12085697552@c.us","xp":0,"level":1},{"id":"967774377384@c.us","xp":0,"level":1},{"id":"967773559904@c.us","xp":0,"level":1},{"id":"967717273222@c.us","xp":0,"level":1},{"id":"2348130025359@c.us","xp":0,"level":1},{"id":"967776596544@c.us","xp":0,"level":1},{"id":"918085053314@c.us","xp":0,"level":1},{"id":"967771388130@c.us","xp":0,"level":1},{"id":"967770632071@c.us","xp":0,"level":1},{"id":"15595469859@c.us","xp":0,"level":1},{"id":"972568632392@c.us","xp":0,"level":1},{"id":"5492984220899@c.us","xp":0,"level":1},{"id":"919075110054@c.us","xp":0,"level":1},{"id":"917004774452@c.us","xp":0,"level":1},{"id":"21625821887@c.us","xp":0,"level":1},{"id":"923421573842@c.us","xp":0,"level":1},{"id":"201144518990@c.us","xp":0,"level":1},{"id":"919560248179@c.us","xp":0,"level":1},{"id":"249927161341@c.us","xp":0,"level":1},{"id":"212687213539@c.us","xp":0,"level":1},{"id":"918210028560@c.us","xp":0,"level":1},{"id":"967773173222@c.us","xp":0,"level":1},{"id":"553195659352@c.us","xp":0,"level":1},{"id":"12292801761@c.us","xp":0,"level":1},{"id":"917738640302@c.us","xp":0,"level":1},{"id":"16604553774@c.us","xp":0,"level":1},{"id":"917988003952@c.us","xp":0,"level":1},{"id":"917622015359@c.us","xp":0,"level":1},{"id":"919170203120@c.us","xp":0,"level":1},{"id":"212656979994@c.us","xp":0,"level":1},{"id":"27737163871@c.us","xp":0,"level":1},{"id":"923350432152@c.us","xp":0,"level":1},{"id":"923073780313@c.us","xp":0,"level":1},{"id":"967771026501@c.us","xp":0,"level":1},{"id":"967777234183@c.us","xp":0,"level":1},{"id":"50432322411@c.us","xp":0,"level":1},{"id":"918897962496@c.us","xp":0,"level":1},{"id":"917557815804@c.us","xp":0,"level":1},{"id":"923104140634@c.us","xp":0,"level":1},{"id":"19706786988@c.us","xp":0,"level":1},{"id":"573003470396@c.us","xp":0,"level":1},{"id":"218923488381@c.us","xp":0,"level":1},{"id":"447455439167@c.us","xp":0,"level":1},{"id":"447384314109@c.us","xp":0,"level":1},{"id":"255719561930@c.us","xp":0,"level":1},{"id":"923144569539@c.us","xp":0,"level":1},{"id":"254702243111@c.us","xp":0,"level":1},{"id":"917350083360@c.us","xp":0,"level":1},{"id":"6289506526514@c.us","xp":0,"level":1},{"id":"917992397645@c.us","xp":0,"level":1},{"id":"923499042675@c.us","xp":0,"level":1},{"id":"16812064199@c.us","xp":0,"level":1},{"id":"919497573531@c.us","xp":0,"level":1},{"id":"918210688194@c.us","xp":0,"level":1},{"id":"917009031083@c.us","xp":0,"level":1},{"id":"967734180364@c.us","xp":0,"level":1},{"id":"447460062581@c.us","xp":0,"level":1},{"id":"62887435461499@c.us","xp":0,"level":1},{"id":"8801701666564@c.us","xp":0,"level":1},{"id":"353892044709@c.us","xp":0,"level":1},{"id":"923112454676@c.us","xp":0,"level":1},{"id":"601158135520@c.us","xp":0,"level":1},{"id":"905536887399@c.us","xp":0,"level":1},{"id":"15407064068@c.us","xp":0,"level":1},{"id":"5214446572280@c.us","xp":0,"level":1},{"id":"249904213093@c.us","xp":0,"level":1},{"id":"918667289297@c.us","xp":0,"level":1},{"id":"13166662828@c.us","xp":0,"level":1},{"id":"554799379480@c.us","xp":0,"level":1},{"id":"919324177385@c.us","xp":0,"level":1},{"id":"447846476930@c.us","xp":0,"level":1},{"id":"447397525997@c.us","xp":0,"level":1},{"id":"918779031977@c.us","xp":0,"level":1},{"id":"919787434217@c.us","xp":0,"level":1},{"id":"2348100431127@c.us","xp":0,"level":1},{"id":"94711217070@c.us","xp":0,"level":1},{"id":"917448070652@c.us","xp":0,"level":1},{"id":"967770729404@c.us","xp":0,"level":1},{"id":"917749095989@c.us","xp":0,"level":1},{"id":"917642921045@c.us","xp":0,"level":1},{"id":"918768705363@c.us","xp":0,"level":1},{"id":"918840290125@c.us","xp":0,"level":1},{"id":"918640028002@c.us","xp":0,"level":1},{"id":"919082581537@c.us","xp":0,"level":1},{"id":"918305403313@c.us","xp":0,"level":1},{"id":"919310598690@c.us","xp":0,"level":1},{"id":"917065363038@c.us","xp":0,"level":1},{"id":"15635593211@c.us","xp":0,"level":1},{"id":"919764421721@c.us","xp":0,"level":1},{"id":"918249808171@c.us","xp":0,"level":1},{"id":"918287309023@c.us","xp":0,"level":1},{"id":"917021351890@c.us","xp":0,"level":1},{"id":"918447418018@c.us","xp":0,"level":1},{"id":"917088771406@c.us","xp":0,"level":1},{"id":"919517750185@c.us","xp":0,"level":1},{"id":"967713420485@c.us","xp":0,"level":1},{"id":"917823066130@c.us","xp":0,"level":1},{"id":"919619933079@c.us","xp":0,"level":1},{"id":"46735449053@c.us","xp":0,"level":1},{"id":"916289070004@c.us","xp":0,"level":1},{"id":"919588250090@c.us","xp":0,"level":1},{"id":"923460882964@c.us","xp":0,"level":1},{"id":"918686401094@c.us","xp":0,"level":1},{"id":"971565211186@c.us","xp":0,"level":1},{"id":"919862156735@c.us","xp":0,"level":1},{"id":"917428667385@c.us","xp":0,"level":1},{"id":"918547550898@c.us","xp":0,"level":1},{"id":"923455846554@c.us","xp":0,"level":1},{"id":"919002370263@c.us","xp":0,"level":1},{"id":"905380216436@c.us","xp":0,"level":1},{"id":"923322788941@c.us","xp":0,"level":1},{"id":"819032547961@c.us","xp":0,"level":1},{"id":"917778046940@c.us","xp":0,"level":1},{"id":"13103632590@c.us","xp":0,"level":1},{"id":"919959563842@c.us","xp":0,"level":1},{"id":"19162455791@c.us","xp":0,"level":1},{"id":"918721801409@c.us","xp":0,"level":1},{"id":"447520606717@c.us","xp":0,"level":1},{"id":"919650021044@c.us","xp":0,"level":1},{"id":"916909082969@c.us","xp":0,"level":1},{"id":"919425341974@c.us","xp":0,"level":1},{"id":"918334918021@c.us","xp":0,"level":1},{"id":"972599970979@c.us","xp":0,"level":1},{"id":"919002982707@c.us","xp":0,"level":1},{"id":"918697424333@c.us","xp":0,"level":1},{"id":"918425092944@c.us","xp":0,"level":1},{"id":"917029510538@c.us","xp":0,"level":1},{"id":"919166572300@c.us","xp":0,"level":1},{"id":"918869895479@c.us","xp":0,"level":1},{"id":"15199535719@c.us","xp":0,"level":1},{"id":"919818799612@c.us","xp":0,"level":1},{"id":"917042091101@c.us","xp":0,"level":1},{"id":"919060312766@c.us","xp":0,"level":1},{"id":"967774123897@c.us","xp":0,"level":1},{"id":"923363215253@c.us","xp":0,"level":1},{"id":"923129561712@c.us","xp":0,"level":1},{"id":"918800670236@c.us","xp":0,"level":1},{"id":"916366674809@c.us","xp":0,"level":1},{"id":"917303903299@c.us","xp":0,"level":1},{"id":"917567316726@c.us","xp":0,"level":1},{"id":"917856091919@c.us","xp":0,"level":1},{"id":"13523208457@c.us","xp":0,"level":1},{"id":"918809747104@c.us","xp":0,"level":1},{"id":"917487021075@c.us","xp":0,"level":1},{"id":"919830189784@c.us","xp":0,"level":1},{"id":"6285839149443@c.us","xp":0,"level":1},{"id":"919716351683@c.us","xp":0,"level":1},{"id":"917020087176@c.us","xp":0,"level":1},{"id":"5527992846663@c.us","xp":0,"level":1},{"id":"2349136743697@c.us","xp":0,"level":1},{"id":"919382874151@c.us","xp":0,"level":1},{"id":"94778050014@c.us","xp":0,"level":1},{"id":"919610159571@c.us","xp":0,"level":1},{"id":"94758851161@c.us","xp":0,"level":1},{"id":"27681089885@c.us","xp":0,"level":1},{"id":"917879453932@c.us","xp":0,"level":1},{"id":"919078763093@c.us","xp":0,"level":1},{"id":"923065616454@c.us","xp":0,"level":1},{"id":"918938923467@c.us","xp":0,"level":1},{"id":"916205422497@c.us","xp":0,"level":1},{"id":"919934939700@c.us","xp":0,"level":1},{"id":"923234855527@c.us","xp":0,"level":1},{"id":"2348067523764@c.us","xp":0,"level":1},{"id":"96170855747@c.us","xp":0,"level":1},{"id":"6737168087@c.us","xp":0,"level":1},{"id":"60162524161@c.us","xp":0,"level":1},{"id":"918968077589@c.us","xp":0,"level":1},{"id":"6281357966895@c.us","xp":0,"level":1},{"id":"19166552658@c.us","xp":0,"level":1},{"id":"917011082440@c.us","xp":0,"level":1},{"id":"17576020466@c.us","xp":0,"level":1},{"id":"967736611761@c.us","xp":0,"level":1},{"id":"967771896988@c.us","xp":0,"level":1},{"id":"918892650302@c.us","xp":0,"level":1},{"id":"923493595479@c.us","xp":0,"level":1},{"id":"967771335848@c.us","xp":0,"level":1},{"id":"916296830901@c.us","xp":0,"level":1},{"id":"601127087501@c.us","xp":0,"level":1},{"id":"918952971081@c.us","xp":0,"level":1},{"id":"12048171945@c.us","xp":0,"level":1},{"id":"212638951057@c.us","xp":0,"level":1},{"id":"447491580708@c.us","xp":0,"level":1},{"id":"213782815837@c.us","xp":0,"level":1},{"id":"447768074922@c.us","xp":0,"level":1},{"id":"919039764191@c.us","xp":0,"level":1},{"id":"447574279706@c.us","xp":0,"level":1},{"id":"447403432657@c.us","xp":0,"level":1},{"id":"447367319514@c.us","xp":0,"level":1},{"id":"966550461035@c.us","xp":0,"level":1},{"id":"447305940414@c.us","xp":0,"level":1},{"id":"967715754619@c.us","xp":0,"level":1},{"id":"254799700123@c.us","xp":0,"level":1},{"id":"19093339295@c.us","xp":0,"level":1},{"id":"917718025589@c.us","xp":0,"level":1},{"id":"265887287412@c.us","xp":0,"level":1},{"id":"17162092211@c.us","xp":0,"level":1},{"id":"918511492011@c.us","xp":0,"level":1},{"id":"79858424345@c.us","xp":0,"level":1},{"id":"32471138100@c.us","xp":0,"level":1},{"id":"14045477238@c.us","xp":0,"level":1},{"id":"19254347210@c.us","xp":0,"level":1},{"id":"15184604642@c.us","xp":0,"level":1},{"id":"447507742277@c.us","xp":0,"level":1},{"id":"919494622386@c.us","xp":0,"level":1},{"id":"34616536174@c.us","xp":0,"level":1},{"id":"919460333114@c.us","xp":0,"level":1},{"id":"252633724748@c.us","xp":0,"level":1},{"id":"15149165589@c.us","xp":0,"level":1},{"id":"919310068629@c.us","xp":0,"level":1},{"id":"918018460246@c.us","xp":0,"level":1},{"id":"918481902319@c.us","xp":0,"level":1},{"id":"919832361550@c.us","xp":0,"level":1},{"id":"917750943305@c.us","xp":0,"level":1},{"id":"12083104509@c.us","xp":0,"level":1},{"id":"15635497295@c.us","xp":0,"level":1},{"id":"919213517228@c.us","xp":0,"level":1},{"id":"79165471308@c.us","xp":0,"level":1},{"id":"381644030000@c.us","xp":0,"level":1},{"id":"573152446262@c.us","xp":0,"level":1},{"id":"33783055305@c.us","xp":0,"level":1},{"id":"918475099254@c.us","xp":0,"level":1},{"id":"919333651010@c.us","xp":0,"level":1},{"id":"6287809965014@c.us","xp":0,"level":1},{"id":"918810508295@c.us","xp":0,"level":1},{"id":"918658715343@c.us","xp":0,"level":1},{"id":"919824638896@c.us","xp":0,"level":1},{"id":"918421018371@c.us","xp":0,"level":1},{"id":"918849885361@c.us","xp":0,"level":1},{"id":"27661176808@c.us","xp":0,"level":1},{"id":"919651176395@c.us","xp":0,"level":1},{"id":"918617463604@c.us","xp":0,"level":1},{"id":"447769605652@c.us","xp":0,"level":1},{"id":"923117518545@c.us","xp":0,"level":1},{"id":"919836785729@c.us","xp":0,"level":1},{"id":"17326194904@c.us","xp":0,"level":1},{"id":"17372394700@c.us","xp":0,"level":1},{"id":"919886635098@c.us","xp":0,"level":1},{"id":"34622644964@c.us","xp":0,"level":1},{"id":"573192178654@c.us","xp":0,"level":1},{"id":"252613930964@c.us","xp":0,"level":1},{"id":"254702356831@c.us","xp":0,"level":1},{"id":"919967346337@c.us","xp":0,"level":1},{"id":"917584015563@c.us","xp":0,"level":1},{"id":"212772038618@c.us","xp":0,"level":1},{"id":"919064097761@c.us","xp":0,"level":1},{"id":"46760689539@c.us","xp":0,"level":1},{"id":"917011636043@c.us","xp":0,"level":1},{"id":"967777855351@c.us","xp":0,"level":1},{"id":"919326694294@c.us","xp":0,"level":1},{"id":"96170953900@c.us","xp":0,"level":1},{"id":"923182192578@c.us","xp":0,"level":1},{"id":"917383259054@c.us","xp":0,"level":1},{"id":"919914565645@c.us","xp":0,"level":1},{"id":"919205190567@c.us","xp":0,"level":1},{"id":"18098419148@c.us","xp":0,"level":1},{"id":"12428047136@c.us","xp":0,"level":1},{"id":"8801775154776@c.us","xp":0,"level":1},{"id":"265998155117@c.us","xp":0,"level":1},{"id":"918498827339@c.us","xp":0,"level":1},{"id":"994557394609@c.us","xp":0,"level":1},{"id":"6287885950914@c.us","xp":0,"level":1},{"id":"967702477788@c.us","xp":0,"level":1},{"id":"967771357033@c.us","xp":0,"level":1},{"id":"989179641402@c.us","xp":0,"level":1},{"id":"96176490272@c.us","xp":0,"level":1},{"id":"639503639911@c.us","xp":0,"level":1},{"id":"919734497735@c.us","xp":0,"level":1},{"id":"989361582588@c.us","xp":0,"level":1},{"id":"6281256577045@c.us","xp":0,"level":1},{"id":"972547276761@c.us","xp":0,"level":1},{"id":"60175605917@c.us","xp":0,"level":1},{"id":"573115079948@c.us","xp":0,"level":1},{"id":"17014414791@c.us","xp":0,"level":1},{"id":"393891386126@c.us","xp":0,"level":1},{"id":"8801830165110@c.us","xp":0,"level":1},{"id":"13617422000@c.us","xp":0,"level":1},{"id":"555181663881@c.us","xp":0,"level":1},{"id":"31649507859@c.us","xp":0,"level":1},{"id":"918945044127@c.us","xp":0,"level":1},{"id":"573012164228@c.us","xp":0,"level":1},{"id":"573507505245@c.us","xp":0,"level":1},{"id":"79135838577@c.us","xp":0,"level":1},{"id":"79831468098@c.us","xp":0,"level":1},{"id":"96171459847@c.us","xp":0,"level":1},{"id":"923004358156@c.us","xp":0,"level":1},{"id":"84901968466@c.us","xp":0,"level":1},{"id":"989197836438@c.us","xp":0,"level":1},{"id":"242068820378@c.us","xp":0,"level":1},{"id":"9647707444447@c.us","xp":0,"level":1},{"id":"447943248393@c.us","xp":0,"level":1},{"id":"919029230395@c.us","xp":0,"level":1},{"id":"212612957201@c.us","xp":0,"level":1},{"id":"2348169512853@c.us","xp":0,"level":1},{"id":"33662470760@c.us","xp":0,"level":1},{"id":"639564789085@c.us","xp":0,"level":1},{"id":"14074735012@c.us","xp":0,"level":1},{"id":"447426200413@c.us","xp":0,"level":1},{"id":"919842827399@c.us","xp":0,"level":1},{"id":"6285895305668@c.us","xp":0,"level":1},{"id":"96170454344@c.us","xp":0,"level":1},{"id":"96178909246@c.us","xp":0,"level":1},{"id":"96179107028@c.us","xp":0,"level":1},{"id":"96170811228@c.us","xp":0,"level":1},{"id":"33783033239@c.us","xp":0,"level":1},{"id":"96176156201@c.us","xp":0,"level":1},{"id":"19188129194@c.us","xp":0,"level":1},{"id":"96181887569@c.us","xp":0,"level":1},{"id":"447737932782@c.us","xp":0,"level":1},{"id":"919007974197@c.us","xp":0,"level":1},{"id":"6285651053218@c.us","xp":0,"level":1},{"id":"919033228991@c.us","xp":0,"level":1},{"id":"13235977701@c.us","xp":0,"level":1},{"id":"917022999387@c.us","xp":0,"level":1},{"id":"233261795433@c.us","xp":0,"level":1},{"id":"12489002468@c.us","xp":0,"level":1},{"id":"918296562540@c.us","xp":0,"level":1},{"id":"67073077094@c.us","xp":0,"level":1},{"id":"918347317969@c.us","xp":0,"level":1},{"id":"917404467652@c.us","xp":0,"level":1},{"id":"916354555518@c.us","xp":0,"level":1},{"id":"919823108197@c.us","xp":0,"level":1},{"id":"966557987258@c.us","xp":0,"level":1},{"id":"966546231583@c.us","xp":0,"level":1},{"id":"34607293537@c.us","xp":0,"level":1},{"id":"967772677689@c.us","xp":0,"level":1},{"id":"967775160684@c.us","xp":0,"level":1},{"id":"967776241632@c.us","xp":0,"level":1},{"id":"358504620022@c.us","xp":0,"level":1},{"id":"919573756637@c.us","xp":0,"level":1},{"id":"917888770929@c.us","xp":0,"level":1},{"id":"967774280531@c.us","xp":0,"level":1},{"id":"212611275246@c.us","xp":0,"level":1},{"id":"393911003341@c.us","xp":0,"level":1},{"id":"6285238903481@c.us","xp":0,"level":1},{"id":"919800680036@c.us","xp":0,"level":1},{"id":"12083103273@c.us","xp":0,"level":1},{"id":"263715075750@c.us","xp":0,"level":1},{"id":"263777137513@c.us","xp":0,"level":1},{"id":"263778895807@c.us","xp":0,"level":1},{"id":"263776281963@c.us","xp":0,"level":1},{"id":"4915203621164@c.us","xp":0,"level":1},{"id":"918593835997@c.us","xp":0,"level":1},{"id":"265990787984@c.us","xp":0,"level":1},{"id":"255714203707@c.us","xp":0,"level":1},{"id":"918220330727@c.us","xp":0,"level":1},{"id":"6285643834793@c.us","xp":0,"level":1},{"id":"60165254512@c.us","xp":0,"level":1},{"id":"919159853591@c.us","xp":0,"level":1},{"id":"918109225574@c.us","xp":0,"level":1},{"id":"918056360262@c.us","xp":0,"level":1},{"id":"918778016584@c.us","xp":0,"level":1},{"id":"919080247368@c.us","xp":0,"level":1},{"id":"918508527577@c.us","xp":0,"level":1},{"id":"919629835905@c.us","xp":0,"level":1},{"id":"918525023250@c.us","xp":0,"level":1},{"id":"919157104456@c.us","xp":0,"level":1},{"id":"919566280451@c.us","xp":0,"level":1},{"id":"916382760600@c.us","xp":0,"level":1},{"id":"919344088875@c.us","xp":0,"level":1},{"id":"919150401450@c.us","xp":0,"level":1},{"id":"918754916249@c.us","xp":0,"level":1},{"id":"60109470443@c.us","xp":0,"level":1},{"id":"94756797129@c.us","xp":0,"level":1},{"id":"918489209446@c.us","xp":0,"level":1},{"id":"919952632996@c.us","xp":0,"level":1},{"id":"263713731847@c.us","xp":0,"level":1},{"id":"918308100457@c.us","xp":0,"level":1},{"id":"918668036263@c.us","xp":0,"level":1},{"id":"917358585594@c.us","xp":0,"level":1},{"id":"94761952483@c.us","xp":0,"level":1},{"id":"917548883579@c.us","xp":0,"level":1},{"id":"919884474838@c.us","xp":0,"level":1},{"id":"919791333360@c.us","xp":0,"level":1},{"id":"916381207641@c.us","xp":0,"level":1},{"id":"919420090861@c.us","xp":0,"level":1},{"id":"919007369860@c.us","xp":0,"level":1},{"id":"919884863933@c.us","xp":0,"level":1},{"id":"263788575824@c.us","xp":0,"level":1},{"id":"4915901357306@c.us","xp":0,"level":1},{"id":"918667437876@c.us","xp":0,"level":1},{"id":"15098711079@c.us","xp":0,"level":1},{"id":"94757588960@c.us","xp":0,"level":1},{"id":"916369103581@c.us","xp":0,"level":1},{"id":"919007388638@c.us","xp":0,"level":1},{"id":"918961505817@c.us","xp":0,"level":1},{"id":"919514770550@c.us","xp":0,"level":1},{"id":"917397763044@c.us","xp":0,"level":1},{"id":"212624654003@c.us","xp":0,"level":1},{"id":"917010941982@c.us","xp":0,"level":1},{"id":"918124866980@c.us","xp":0,"level":1},{"id":"27727309913@c.us","xp":0,"level":1},{"id":"918910306298@c.us","xp":0,"level":1},{"id":"94752984084@c.us","xp":0,"level":1},{"id":"919836292633@c.us","xp":0,"level":1},{"id":"50372998573@c.us","xp":0,"level":1},{"id":"919790615588@c.us","xp":0,"level":1},{"id":"919361277970@c.us","xp":0,"level":1},{"id":"917823960001@c.us","xp":0,"level":1},{"id":"919486881712@c.us","xp":0,"level":1},{"id":"919655569455@c.us","xp":0,"level":1},{"id":"919071317233@c.us","xp":0,"level":1},{"id":"4915255667223@c.us","xp":0,"level":1},{"id":"918344441689@c.us","xp":0,"level":1},{"id":"917694873878@c.us","xp":0,"level":1},{"id":"94776746496@c.us","xp":0,"level":1},{"id":"919894070551@c.us","xp":0,"level":1},{"id":"919487474385@c.us","xp":0,"level":1},{"id":"919727360483@c.us","xp":0,"level":1},{"id":"917397352985@c.us","xp":0,"level":1},{"id":"919941463322@c.us","xp":0,"level":1},{"id":"916383657052@c.us","xp":0,"level":1},{"id":"919947808335@c.us","xp":0,"level":1},{"id":"19092871897@c.us","xp":0,"level":1},{"id":"919894122481@c.us","xp":0,"level":1},{"id":"918072164090@c.us","xp":0,"level":1},{"id":"263717599093@c.us","xp":0,"level":1},{"id":"265882326924@c.us","xp":0,"level":1},{"id":"27615843699@c.us","xp":0,"level":1},{"id":"919080551936@c.us","xp":0,"level":1},{"id":"94716014321@c.us","xp":0,"level":1},{"id":"919884154278@c.us","xp":0,"level":1},{"id":"917439265017@c.us","xp":0,"level":1},{"id":"381652208100@c.us","xp":0,"level":1},{"id":"919710885556@c.us","xp":0,"level":1},{"id":"447532752303@c.us","xp":0,"level":1},{"id":"5491136351236@c.us","xp":0,"level":1},{"id":"916366064798@c.us","xp":0,"level":1},{"id":"12425252580@c.us","xp":0,"level":1},{"id":"27628352613@c.us","xp":0,"level":1},{"id":"265886664565@c.us","xp":0,"level":1},{"id":"919080392964@c.us","xp":0,"level":1},{"id":"6281290528194@c.us","xp":0,"level":1},{"id":"6285393342612@c.us","xp":0,"level":1},{"id":"919123671462@c.us","xp":0,"level":1},{"id":"923323365165@c.us","xp":0,"level":1},{"id":"919916638917@c.us","xp":0,"level":1},{"id":"27604815498@c.us","xp":0,"level":1},{"id":"966508165194@c.us","xp":0,"level":1},{"id":"966551160370@c.us","xp":0,"level":1},{"id":"916282374029@c.us","xp":0,"level":1},{"id":"918075666592@c.us","xp":0,"level":1},{"id":"96176921989@c.us","xp":0,"level":1},{"id":"212610785551@c.us","xp":0,"level":1},{"id":"918383802181@c.us","xp":0,"level":1},{"id":"994401292314@c.us","xp":0,"level":1},{"id":"265881314279@c.us","xp":0,"level":1},{"id":"916383369923@c.us","xp":0,"level":1},{"id":"96892634435@c.us","xp":0,"level":1},{"id":"6598879755@c.us","xp":0,"level":1},{"id":"212684877312@c.us","xp":0,"level":1},{"id":"60146666033@c.us","xp":0,"level":1},{"id":"212642276395@c.us","xp":0,"level":1},{"id":"212703671572@c.us","xp":0,"level":1},{"id":"919789696324@c.us","xp":0,"level":1},{"id":"27840255225@c.us","xp":0,"level":1},{"id":"919163933820@c.us","xp":0,"level":1},{"id":"916383005655@c.us","xp":0,"level":1},{"id":"642740588228@c.us","xp":0,"level":1},{"id":"96170401507@c.us","xp":0,"level":1},{"id":"916380089487@c.us","xp":0,"level":1},{"id":"919875523278@c.us","xp":0,"level":1},{"id":"6282153588136@c.us","xp":0,"level":1},{"id":"263775738509@c.us","xp":0,"level":1},{"id":"919500894046@c.us","xp":0,"level":1},{"id":"918120836175@c.us","xp":0,"level":1},{"id":"60195971096@c.us","xp":0,"level":1},{"id":"918296469878@c.us","xp":0,"level":1},{"id":"6282387592895@c.us","xp":0,"level":1},{"id":"918190042081@c.us","xp":0,"level":1},{"id":"919007829995@c.us","xp":0,"level":1},{"id":"919952883557@c.us","xp":0,"level":1},{"id":"919486154405@c.us","xp":0,"level":1},{"id":"60175053570@c.us","xp":0,"level":1},{"id":"919865251156@c.us","xp":0,"level":1},{"id":"60179039954@c.us","xp":0,"level":1},{"id":"919748049044@c.us","xp":0,"level":1},{"id":"2349132628195@c.us","xp":0,"level":1},{"id":"2349023483432@c.us","xp":0,"level":1},{"id":"447948324717@c.us","xp":0,"level":1},{"id":"27764873680@c.us","xp":0,"level":1},{"id":"919339047993@c.us","xp":0,"level":1},{"id":"918017941192@c.us","xp":0,"level":1},{"id":"919445847461@c.us","xp":0,"level":1},{"id":"918017542884@c.us","xp":0,"level":1},{"id":"918638061364@c.us","xp":0,"level":1},{"id":"917602823645@c.us","xp":0,"level":1},{"id":"212770737624@c.us","xp":0,"level":1},{"id":"919952075921@c.us","xp":0,"level":1},{"id":"918072048708@c.us","xp":0,"level":1},{"id":"919600054613@c.us","xp":0,"level":1},{"id":"917397360197@c.us","xp":0,"level":1}]