[{"id":"19253293813@c.us","name":"owner sam","age":"16","time":"17/07/21 00:38:05","serial":"83b4202675afe4a1fcbf"},{"id":"16106999265@c.us","name":"owner sam","age":"16","time":"12/08/21 21:21:19","serial":"c58b45518220574fd087"},{"id":"918838256324@c.us","name":"Timo🤠","age":"18","time":"12/08/21 22:36:07","serial":"72fe0ad5159c19f575dd"},{"id":"96596665767@c.us","name":"John cen","age":"3","time":"17/07/21 20:59:14","serial":"d4aa07b5ca0e5aee0718"},{"id":"254708773894@c.us","name":"ano","age":"1","time":"17/07/21 21:25:46","serial":"b0ddebcd33dcbd22beae"},{"id":"966552522094@c.us","name":"Haadi","age":"4","time":"11/08/21 21:54:01","serial":"6a4169302297893fe87a"},{"id":"972595651155@c.us","name":"qaher","age":"17","time":"05/08/21 06:05:50","serial":"183b4dee38660479ff8b"},{"id":"19253293813@c.us","name":"owner sam","age":"16","time":"08/08/21 23:41:01","serial":"83b4202675afe4a1fcbf"},{"id":"46760221827@c.us","name":"bob","age":"21","time":"04/08/21 01:55:59","serial":"8e9180cafc322d2db51f"},{"id":"393518199968@c.us","name":"siraj","age":"15","time":"17/07/21 02:32:02","serial":"7552b3f03618c1890446"},{"id":"96569000647@c.us","name":"Adolf Hitler","age":"4","time":"17/07/21 21:00:11","serial":"6e5224b3cdc08f713337"},{"id":"46707347194@c.us","name":"GREES","age":"1","time":"17/07/21 03:30:47","serial":"dd43e395ae4a09f19f84"},{"id":"13095611384@c.us","name":"Vika","age":"16","time":"29/07/21 19:48:29","serial":"582fae17daaf6c869667"},{"id":"918240948250@c.us","name":"arko","age":"15","time":"12/08/21 21:03:09","serial":"292c565b29a72545a18b"},{"id":"918675568660@c.us","name":"Dinesh","age":"20","time":"13/08/21 00:03:57","serial":"623b05cd0d5278bae9e0"}]
