[{"id":"16105027716@c.us","name":"sam","age":"16","time":"17/07/21 00:38:05","serial":"0607d0cd99fcc1ae153a"},{"id":"13018189230@c.us","name":"BlackPirate","age":"5","time":"17/07/21 00:47:09","serial":"83e28b49c7d12b352948"},{"id":"923004396474@c.us","name":"Rizwan","age":"19","time":"17/07/21 00:51:37","serial":"ecce6de0c471a9c73ec8"},{"id":"447818242247@c.us","name":"yourmo","age":"9","time":"17/07/21 00:51:47","serial":"764fe9ed59f421cf3c05"},{"id":"13092208990@c.us","name":"","age":"20","time":"17/07/21 00:55:53","serial":"5223083105bc5bdab487"},{"id":"919118881949@c.us","name":"HarshGT","age":"22","time":"17/07/21 00:58:33","serial":"0af969ce0959e2d10eb6"},{"id":"6281324119424@c.us","name":"Hano","age":"15","time":"17/07/21 00:58:50","serial":"809591840f259545599b"},{"id":"27678434758@c.us","name":"Rabbit","age":"Savage","time":"17/07/21 01:44:49","serial":"5da188864d4d7c3fc7cc"},{"id":"918668743530@c.us","name":"Piyush","age":"0","time":"17/07/21 01:45:40","serial":"f514522b780d832f1513"},{"id":"27835589315@c.us","name":"Leán","age":"Van Niekerk","time":"17/07/21 01:47:55","serial":"bb7fdb3bb7c7d19f0425"},{"id":"923168444972@c.us","name":"Sohaib Ahmed","age":"18","time":"17/07/21 01:48:43","serial":"94804cc305dfa9e70cb1"},{"id":"919748564742@c.us","name":"Parthi","age":"6","time":"17/07/21 01:55:00","serial":"62f23bf85994c808538a"},{"id":"917980560241@c.us","name":"Insane","age":"7","time":"17/07/21 02:05:43","serial":"d9fdb30feff671fccbea"},{"id":"919499449857@c.us","name":"venomous","age":"19","time":"17/07/21 02:11:56","serial":"ad9037dc50727ff9cf47"},{"id":"393518199968@c.us","name":"siraj","age":"15","time":"17/07/21 02:32:02","serial":"7552b3f03618c1890446"},{"id":"916294785406@c.us","name":"Devi","age":"8","time":"17/07/21 02:42:21","serial":"3a217c37cedcbbf58a13"},{"id":"17739885352@c.us","name":"Mike Cunt","age":"10","time":"17/07/21 02:55:25","serial":"fa6953f6ff74b632291e"},{"id":"919354490511@c.us","name":"Liquid","age":"21","time":"17/07/21 02:56:24","serial":"6aff8323cf7147e8ca9a"},{"id":"918660186497@c.us","name":"Lundasur","age":"18","time":"17/07/21 02:59:07","serial":"7a8dcab13d83cd6b8fe0"},{"id":"919993405678@c.us","name":"20","age":"Viper","time":"17/07/21 03:12:10","serial":"4523853a4871d043973f"},{"id":"919987056747@c.us","name":"SarkarSap","age":"19","time":"17/07/21 03:16:21","serial":"c034dfef9d5c3c5c28c5"},{"id":"917567255701@c.us","name":"Sneh","age":"17","time":"17/07/21 03:23:46","serial":"bb522f74ecb51bd2c3f4"},{"id":"46707347194@c.us","name":"GREES","age":"1","time":"17/07/21 03:30:47","serial":"dd43e395ae4a09f19f84"},{"id":"917099219739@c.us","name":"noice","age":"17","time":"17/07/21 17:55:54","serial":"f76855ea7be4e2da5438"},{"id":"6283129941527@c.us","name":"dimas","age":"12","time":"17/07/21 20:28:03","serial":"774b06394195825e6358"},{"id":"96176689034@c.us","name":"hse","age":"7","time":"17/07/21 20:36:18","serial":"c87deeea337382ae14f5"},{"id":"96176866717@c.us","name":"noobmaster69","age":"17","time":"17/07/21 20:47:21","serial":"9601ea704bb19034e7f8"},{"id":"919632820905@c.us","name":"Goku","age":"19","time":"17/07/21 20:48:18","serial":"f4a2e764a431fb234f1e"},{"id":"96596665767@c.us","name":"John cen","age":"3","time":"17/07/21 20:59:14","serial":"d4aa07b5ca0e5aee0718"},{"id":"96569000647@c.us","name":"Adolf Hitler","age":"4","time":"17/07/21 21:00:11","serial":"6e5224b3cdc08f713337"},{"id":"918260891423@c.us","name":"Geraltx","age":"1","time":"17/07/21 21:10:32","serial":"77aa9dd99b0efffe40b8"},{"id":"254708773894@c.us","name":"ano","age":"1","time":"17/07/21 21:25:46","serial":"b0ddebcd33dcbd22beae"},{"id":"201121794630@c.us","name":"Mo.","age":"16","time":"17/07/21 21:41:47","serial":"810c3f0934dd5d54a311"},{"id":"254792459509@c.us","name":"jah","age":"22","time":"17/07/21 21:44:00","serial":"ac0785238048c08e522d"},{"id":"919056058349@c.us","name":"justin","age":"17","time":"17/07/21 21:53:43","serial":"2a7ada33bcc77d502036"},{"id":"917620436307@c.us","name":"nars","age":"17","time":"17/07/21 22:02:39","serial":"52441b044aa05377f17f"},{"id":"917396237561@c.us","name":"Pranaypaul","age":"21","time":"17/07/21 22:26:13","serial":"987fd4ed4fa94225fd19"},{"id":"919407635446@c.us","name":"shadow","age":"19","time":"17/07/21 22:36:27","serial":"7f5bf38ef8869a7c92d8"},{"id":"905512026442@c.us","name":"Erlik","age":"31","time":"17/07/21 22:38:35","serial":"a253d58e5726e9023b4e"},{"id":"6287782420277@c.us","name":"Cookie","age":"26","time":"17/07/21 22:40:53","serial":"47ea69db184f29bb6651"},{"id":"6596571589@c.us","name":"youngman69","age":"20","time":"17/07/21 23:39:16","serial":"57732963d3f2090e34e8"},{"id":"94763090138@c.us","name":"3Creepoor","age":"3","time":"17/07/21 23:47:42","serial":"308477d3a8df90a8b133"},{"id":"918108470180@c.us","name":"cheems","age":"17","time":"18/07/21 00:25:53","serial":"fae2d04fb4001b88b678"},{"id":"919108283469@c.us","name":"arjun","age":"18","time":"18/07/21 00:33:29","serial":"b76c6007d730e6b6bd7c"},{"id":"60189736592@c.us","name":"Ghost211","age":"8","time":"18/07/21 00:43:13","serial":"932d732227936b6874db"},{"id":"919560303903@c.us","name":"your mom","age":"1","time":"18/07/21 01:43:01","serial":"17c1c4d55f21ccac62c2"},{"id":"917837561700@c.us","name":"sehaj","age":"24","time":"29/07/21 17:32:27","serial":"0f1428dc766f1e13083d"},{"id":"918725025284@c.us","name":"Xerinium","age":"20","time":"29/07/21 17:37:07","serial":"6bef6161acc71b62f5db"},{"id":"13095611384@c.us","name":"Vika","age":"16","time":"29/07/21 19:48:29","serial":"582fae17daaf6c869667"},{"id":"919967106922@c.us","name":"sameer","age":"18","time":"29/07/21 21:54:16","serial":"afba42db642d2fbe0106"},{"id":"96179138848@c.us","name":"hasan","age":"23","time":"29/07/21 22:05:31","serial":"9a25d743ec3ad822eb4d"},{"id":"972568632392@c.us","name":"sara","age":"0","time":"29/07/21 22:24:41","serial":"37a7a794897ee838cbbf"},{"id":"967717273222@c.us","name":"Sharany","age":"23","time":"29/07/21 23:23:33","serial":"ff3345465f8669aadd35"},{"id":"917009058756@c.us","name":"SamKaChicha","age":"18","time":"29/07/21 23:36:15","serial":"f0da75552fca21221084"},{"id":"447405819257@c.us","name":"rafa","age":"18","time":"30/07/21 23:08:22","serial":"6e706534e1ef4a02991a"},{"id":"447902435643@c.us","name":"bilal","age":"17","time":"30/07/21 23:16:36","serial":"a47a18467b15312e5a16"},{"id":"6289694776750@c.us","name":"inta","age":"9","time":"31/07/21 00:08:52","serial":"c9e647d2b457fe7da3c3"},{"id":"40770685741@c.us","name":"Sebastian","age":"19","time":"31/07/21 01:09:41","serial":"dc4370af9f6082734152"},{"id":"6289506526514@c.us","name":"inta","age":"9","time":"31/07/21 01:23:42","serial":"ac7cb1030d3250e5fd2d"},{"id":"12085697552@c.us","name":"VicVit","age":"9","time":"31/07/21 01:53:10","serial":"13690dcf664c64445791"},{"id":"19283621016@c.us","name":"Alice","age":"19","time":"31/07/21 12:26:12","serial":"af46e3ab0e95ec80f0d3"},{"id":"5215582566075@c.us","name":"Richie","age":"27","time":"01/08/21 04:01:10","serial":"bed1f071537831778828"},{"id":"6596617016@c.us","name":"NickGurr","age":"21","time":"01/08/21 23:44:11","serial":"4fdeb4fb9b2fce763504"},{"id":"918368287560@c.us","name":"ujjwal","age":"21","time":"02/08/21 00:01:08","serial":"767e9a74f752424f7d01"},{"id":"919433315575@c.us","name":"Shourya","age":"21","time":"02/08/21 00:08:05","serial":"7aee85e1fede0881a5d0"},{"id":"918169067063@c.us","name":"Vishal","age":"18","time":"02/08/21 00:13:19","serial":"e760253a19334b9235e2"},{"id":"918287309023@c.us","name":"deepanshu","age":"18","time":"02/08/21 00:36:20","serial":"fcf3e4902a18883afa84"},{"id":"918447418018@c.us","name":"Aelie","age":"19","time":"02/08/21 00:37:29","serial":"bea6381134eaf0602e34"},{"id":"918249808171@c.us","name":"Hita","age":"18","time":"02/08/21 00:41:32","serial":"66f1db94a70c1a324ca2"},{"id":"46735449053@c.us","name":"name","age":"age","time":"02/08/21 01:34:48","serial":"3ff8c0dc1d7b771cbe09"},{"id":"916289070004@c.us","name":"anku","age":"9","time":"02/08/21 01:44:56","serial":"1098e32049c5b8b9dcb7"},{"id":"919588250090@c.us","name":"Harsh","age":"18","time":"02/08/21 02:19:02","serial":"89acc51fa148f35850f5"},{"id":"917778046940@c.us","name":"pratyum","age":"19","time":"02/08/21 07:26:23","serial":"998ac8e9444d9aa4cfd2"},{"id":"13523208457@c.us","name":"Edric","age":"19","time":"02/08/21 13:13:23","serial":"5a6dac726c2689e8748c"},{"id":"919650021044@c.us","name":"Karti","age":"3","time":"02/08/21 17:08:31","serial":"be00c5c66d74f69f2b28"},{"id":"917020087176@c.us","name":"shaikh","age":"30","time":"02/08/21 17:10:43","serial":"7667ee8b477ad54f77f6"},{"id":"919610159571@c.us","name":"Nakul","age":"18","time":"02/08/21 19:05:46","serial":"129dc43c536cde935c75"},{"id":"919425341974@c.us","name":"mauli","age":"13","time":"02/08/21 19:39:12","serial":"aee537c7e2f722982306"},{"id":"918686401094@c.us","name":"mansu","age":"21","time":"02/08/21 21:11:58","serial":"d7811e7390a360ec6282"},{"id":"917428667385@c.us","name":"Sophia","age":"20","time":"02/08/21 21:17:44","serial":"5570d1169d5d1e8bde74"},{"id":"919716351683@c.us","name":"G","age":"21","time":"02/08/21 22:23:08","serial":"5b70fd90bdb0109f0fa7"},{"id":"6281357966895@c.us","name":"putr","age":"9","time":"03/08/21 20:12:47","serial":"a0b3264737b7c11eccd3"},{"id":"966560392419@c.us","name":"Carl","age":"18","time":"03/08/21 21:28:09","serial":"c3020cdcb682da69c8d0"},{"id":"19162455791@c.us","name":"Choco Taco","age":"13","time":"03/08/21 21:43:26","serial":"b6cd237018b5da21860d"},{"id":"917738640302@c.us","name":"Vinay","age":"19","time":"03/08/21 22:16:46","serial":"1c707c1e0fc15b6b06f6"},{"id":"917776818394@c.us","name":"joke","age":"20","time":"03/08/21 23:00:18","serial":"8a8eab85e8a4bfc279d1"},{"id":"918964052724@c.us","name":"Manjusha","age":"22","time":"03/08/21 23:24:06","serial":"e6087b78a4573af47e9a"},{"id":"918952971081@c.us","name":"cha","age":"0","time":"04/08/21 01:23:46","serial":"b7eeeb02c2e2e263c6e3"},{"id":"919711917832@c.us","name":"Jayc","age":"21","time":"04/08/21 01:41:42","serial":"1651a5957b16ba97a310"},{"id":"46760221827@c.us","name":"bob","age":"21","time":"04/08/21 01:55:59","serial":"8e9180cafc322d2db51f"},{"id":"447403432657@c.us","name":"Addish","age":"17","time":"04/08/21 06:47:53","serial":"f98bae46ce890e26c9c5"},{"id":"916909082969@c.us","name":"Ethan","age":"19","time":"04/08/21 09:48:15","serial":"82c5c37a4a425afd0b68"},{"id":"918511492011@c.us","name":"Samael","age":"19","time":"04/08/21 12:47:25","serial":"b04591b1b770b1b7c99e"},{"id":"917065363038@c.us","name":"mohit","age":"20","time":"04/08/21 14:03:59","serial":"2ddce35bd056ebdccd89"},{"id":"393338666586@c.us","name":"fuckyou","age":"20","time":"04/08/21 16:29:53","serial":"da3e12dcb4c98f903a84"},{"id":"919824638896@c.us","name":"Sanjay","age":"20","time":"04/08/21 19:07:23","serial":"a916e80bffd58986b689"},{"id":"918617463604@c.us","name":"kausik","age":"20","time":"04/08/21 21:17:08","serial":"c010ca9c64d4e80f74bd"},{"id":"972595651155@c.us","name":"qaher","age":"17","time":"05/08/21 06:05:50","serial":"183b4dee38660479ff8b"},{"id":"265887287412@c.us","name":"Simp","age":"7","time":"05/08/21 07:15:34","serial":"b3244ae2f83dbc558e91"},{"id":"12083104509@c.us","name":"ROMEEL","age":"24","time":"05/08/21 09:45:59","serial":"f078e22bb58c70f00655"},{"id":"491778895296@c.us","name":"NiggerMan","age":"6.9","time":"05/08/21 10:00:53","serial":"f7d2f70ae95e0cdb11f0"},{"id":"447533847127@c.us","name":"cock","age":"18","time":"05/08/21 11:37:00","serial":"f9e89607ff4dbf325c7e"},{"id":"8801775154776@c.us","name":"Rabbi","age":"23","time":"05/08/21 21:35:56","serial":"6d890cf4922d8df65da5"},{"id":"967713420485@c.us","name":"EZZ","age":"20","time":"05/08/21 21:39:04","serial":"056b27bb850df9146e3f"},{"id":"967776596544@c.us","name":"Rahman","age":"22","time":"05/08/21 21:43:31","serial":"3c3efd0c5143dc0802c9"},{"id":"919064097761@c.us","name":"rahul","age":"30","time":"05/08/21 21:51:50","serial":"d23948050375ed44cadf"},{"id":"8801830165110@c.us","name":"Adit","age":"24","time":"06/08/21 01:13:32","serial":"856411d5a3de2478d302"},{"id":"17372394700@c.us","name":"Will","age":"24","time":"06/08/21 01:55:33","serial":"5fde42ff7b416fbf4069"},{"id":"18596086023@c.us","name":"Me","age":"19","time":"06/08/21 02:11:48","serial":"2bf7109dec1e90416c64"},{"id":"84901968466@c.us","name":"Thành","age":"22","time":"06/08/21 02:18:52","serial":"4c84455e18a7dddc0538"},{"id":"19082794020@c.us","name":"Paul","age":"26","time":"06/08/21 03:38:58","serial":"a2b745fa4c5121cea172"},{"id":"213662629628@c.us","name":"Rayes","age":"25","time":"06/08/21 06:37:04","serial":"8d0c6542c32294d8c57b"},{"id":"918319346230@c.us","name":"Lulz","age":"13","time":"06/08/21 08:13:00","serial":"0ddf1b3775626cabb262"},{"id":"96176110196@c.us","name":"Neddy","age":"16","time":"06/08/21 17:56:37","serial":"27a6396c90b93502858c"},{"id":"918471970814@c.us","name":"Sujoy","age":"39","time":"06/08/21 20:53:09","serial":"efa9df68c0be02e1edbd"},{"id":"96178909246@c.us","name":"kevin","age":"17","time":"06/08/21 23:32:56","serial":"b67d50203d3ca3b0d9bb"},{"id":"96181887569@c.us","name":"Patrick","age":"18","time":"06/08/21 23:36:45","serial":"c0837cb9bda6b6b64968"},{"id":"9613848593@c.us","name":"musiala","age":"19","time":"06/08/21 23:43:03","serial":"aa7e551b18a5f9364f4a"},{"id":"96170454344@c.us","name":"your mom","age":"18","time":"07/08/21 00:45:49","serial":"f67bbe1b3a48c0214224"},{"id":"60186418619@c.us","name":"ellie","age":"24","time":"07/08/21 05:05:29","serial":"0ede051b85a1710561a7"},{"id":"233205258731@c.us","name":"Andee👑","age":"16","time":"07/08/21 21:40:05","serial":"a716db66221ccfa1e2fd"},{"id":"31686294910@c.us","name":"A","age":"17","time":"07/08/21 21:58:31","serial":"5fe62ba58514a485c991"},{"id":"233200504795@c.us","name":"ajarko","age":"16","time":"07/08/21 22:00:47","serial":"ea3a0cdf6b4d03fe80e3"},{"id":"96550910720@c.us","name":"Kaif","age":"17","time":"07/08/21 22:03:14","serial":"14cfea62d95f55b4bc22"},{"id":"5978999506@c.us","name":"Sietse","age":"17","time":"07/08/21 22:14:33","serial":"f2dc66de2fd3f90de78d"},{"id":"918383990292@c.us","name":"saanidhy","age":"16","time":"07/08/21 22:18:43","serial":"b1b8910705aea8be28b9"},{"id":"31643219248@c.us","name":"onkwaro","age":"12","time":"07/08/21 22:24:20","serial":"2811eddcb047ccf6e470"},{"id":"6590991503@c.us","name":"joe","age":"20","time":"07/08/21 22:26:15","serial":"64ebd670ae246c9bd64b"},{"id":"963988449937@c.us","name":"tony","age":"17","time":"07/08/21 22:26:30","serial":"cb81c449d697b9f5edcc"},{"id":"447398356138@c.us","name":"Ismael","age":"18","time":"07/08/21 22:32:35","serial":"6276e1b82554acb0ad67"},{"id":"19843896002@c.us","name":"Fabrici","age":"5","time":"07/08/21 23:01:00","serial":"9cfa36d224cda67b9eff"},{"id":"27627242970@c.us","name":"Abdulaziz","age":"16","time":"07/08/21 23:27:56","serial":"dce958bd887699203b57"},{"id":"917470413386@c.us","name":"Hero Hulk","age":"22","time":"08/08/21 12:04:42","serial":"8f311c9a2ddb71901d43"},{"id":"918018460246@c.us","name":"kaka","age":"22","time":"08/08/21 15:09:42","serial":"bb76769b1c81d9cb9edd"},{"id":"12489002468@c.us","name":"shec","age":"5","time":"08/08/21 15:16:02","serial":"177ba1d0087cd1449821"},{"id":"96176156201@c.us","name":"Ryberex","age":"22","time":"08/08/21 22:55:47","serial":"af7c7a829e9c4929b72c"},{"id":"96170664713@c.us","name":"aloush il maltoush","age":"37","time":"08/08/21 23:31:51","serial":"999fe5939b1181c9f855"},{"id":"19253293813@c.us","name":"owner sam","age":"16","time":"08/08/21 23:41:01","serial":"83b4202675afe4a1fcbf"},{"id":"14372486312@c.us","name":"Sa","age":"20","time":"09/08/21 12:04:49","serial":"45f68042c27eca7fef54"},{"id":"919560202611@c.us","name":"owner sam","age":"16","time":"09/08/21 12:38:54","serial":"55f561ec90f3a7be516f"},{"id":"918780820905@c.us","name":"Sai Vamsi","age":"19","time":"09/08/21 12:51:09","serial":"b46687371c754934caae"},{"id":"967771388130@c.us","name":"Fahd","age":"24","time":"09/08/21 15:38:07","serial":"490f086c10c5c443e90a"},{"id":"919381205759@c.us","name":"Blank","age":"17","time":"09/08/21 16:29:50","serial":"0e8946ec33f3e3aba031"},{"id":"61423917637@c.us","name":"Tiffany","age":"23","time":"09/08/21 17:00:32","serial":"d41da0eb1e973fdb4ad8"},{"id":"966552522094@c.us","name":"Haadi","age":"4","time":"11/08/21 21:54:01","serial":"6a4169302297893fe87a"},{"id":"12083103273@c.us","name":"srujit","age":"0","time":"11/08/21 22:02:05","serial":"7e45383e030233663948"},{"id":"919832361550@c.us","name":"Da","age":"6","time":"12/08/21 00:45:07","serial":"96e5b4597ffa6938711d"},{"id":"919560248179@c.us","name":"Vansh","age":"18","time":"12/08/21 18:53:37","serial":"a5c251b8cc66ebe16be5"},{"id":"918105426213@c.us","name":"senpai","age":"23","time":"12/08/21 19:05:54","serial":"1ac4f74d16205eeae9b1"},{"id":"265880928438@c.us","name":"Yaloz","age":"17","time":"12/08/21 19:13:43","serial":"4e4e56812c7f0c224535"},{"id":"263777137513@c.us","name":"Anotidashe","age":"","time":"12/08/21 19:14:02","serial":"f0d8cb40a3a4a97a3ab8"},{"id":"263778895807@c.us","name":"lvnstvner qúallyrvk","age":"20","time":"12/08/21 19:15:01","serial":"d776473e43347fc383a1"},{"id":"263776281963@c.us","name":"S@mmi","age":"3","time":"12/08/21 19:20:34","serial":"e05659fdb6902cb7eed6"},{"id":"919874627333@c.us","name":"maneesh","age":"20","time":"12/08/21 19:47:09","serial":"7c3bdb080b8d1d910849"},{"id":"917356785541@c.us","name":"Aminon","age":"20","time":"12/08/21 19:47:57","serial":"876c930eccfacbf4e910"},{"id":"212639660851@c.us","name":"Aymane","age":"15 y","time":"12/08/21 19:53:04","serial":"71d645584aa46dd89d44"},{"id":"919163132173@c.us","name":"Atrijo","age":"14","time":"12/08/21 19:56:32","serial":"5430878e55ec2a4fe82d"},{"id":"916282395048@c.us","name":"mom","age":"8","time":"12/08/21 20:03:25","serial":"33ebd3fe61eaad496c18"},{"id":"601125760157@c.us","name":"Nash","age":"20","time":"12/08/21 20:04:36","serial":"a7e8343ee2dd069539bb"},{"id":"919395067102@c.us","name":"Bebop","age":"15","time":"12/08/21 20:07:00","serial":"4c376f2b1920c2822a53"},{"id":"16812064408@c.us","name":"Samsung girl","age":"16","time":"12/08/21 20:18:49","serial":"c5ee7d1239d8ec9cd948"},{"id":"27781736521@c.us","name":"Ruan","age":"21","time":"12/08/21 20:19:22","serial":"b42b9a697a2f8ba51c22"},{"id":"27783758621@c.us","name":"Aadil","age":"18","time":"12/08/21 20:28:56","serial":"c4c97054616364fd3e6a"},{"id":"27677484583@c.us","name":"Mo","age":"19","time":"12/08/21 20:33:43","serial":"06320a1bf0bd31863a8d"},{"id":"27737079179@c.us","name":"maste","age":"8","time":"12/08/21 20:41:58","serial":"50bb1a961fa14b392d97"},{"id":"918902132065@c.us","name":"Eren Yeager","age":"15","time":"12/08/21 20:43:30","serial":"b0d60b5aad20d55065d1"},{"id":"919903439905@c.us","name":"SouLHacker Sourjya gandu","age":"15","time":"12/08/21 20:45:30","serial":"e77ebad68518c9a9ef7e"},{"id":"923324374671@c.us","name":"\nWeeblit","age":"19","time":"12/08/21 20:50:17","serial":"9608ec5406991b85155c"},{"id":"27621886803@c.us","name":"Mohammed","age":"18","time":"12/08/21 20:54:39","serial":"0c4990fcb6487b2668ae"},{"id":"918240948250@c.us","name":"arko","age":"15","time":"12/08/21 21:03:09","serial":"292c565b29a72545a18b"},{"id":"16106999265@c.us","name":"owner sam","age":"16","time":"12/08/21 21:21:19","serial":"c58b45518220574fd087"},{"id":"918593835997@c.us","name":"name","age":"age","time":"12/08/21 22:01:13","serial":"f94e96ba3c200a66cbbb"},{"id":"27656341751@c.us","name":"Aadil","age":"18","time":"12/08/21 22:17:50","serial":"17e5a42a5a5550f512ed"},{"id":"918838256324@c.us","name":"Timo🤠","age":"18","time":"12/08/21 22:36:07","serial":"72fe0ad5159c19f575dd"},{"id":"263714938391@c.us","name":"name","age":"age","time":"12/08/21 22:53:08","serial":"7643662b9a44a5f669e3"},{"id":"96176476247@c.us","name":"Mohamad Ali","age":"15","time":"12/08/21 22:58:09","serial":"b910a28520f8e3be020d"},{"id":"923109429632@c.us","name":"ziyad😴....","age":"19","time":"12/08/21 22:58:22","serial":"29a4e3be66434efe7826"},{"id":"919361379282@c.us","name":"fraudd","age":"9","time":"12/08/21 23:16:26","serial":"29bbf4f21446e4a590ab"},{"id":"917777987694@c.us","name":"Nikhil","age":"19","time":"12/08/21 23:18:30","serial":"cb8452f408b2c316bf70"},{"id":"919895801349@c.us","name":"Gogeta","age":"21","time":"12/08/21 23:23:25","serial":"eec5bae1f17d93ad51f7"},{"id":"212617021064@c.us","name":"name","age":"age","time":"12/08/21 23:32:45","serial":"1df59dfa3d471fd00a95"},{"id":"212605074527@c.us","name":"oussama","age":"13","time":"12/08/21 23:35:23","serial":"9b16b013e6cbc3098bcf"},{"id":"212662895133@c.us","name":"aymn","age":"17","time":"12/08/21 23:41:46","serial":"eb099e448fc336a9678c"},{"id":"212674163507@c.us","name":"youssef","age":"16","time":"12/08/21 23:53:15","serial":"3a92afb806a6bc5ddb36"},{"id":"212614487706@c.us","name":"Hiba","age":"15","time":"13/08/21 00:02:51","serial":"069853cd1ef8dd91173b"},{"id":"918675568660@c.us","name":"Dinesh","age":"20","time":"13/08/21 00:03:57","serial":"623b05cd0d5278bae9e0"},{"id":"919655605560@c.us","name":"shabesh","age":"16","time":"13/08/21 02:31:26","serial":"ef28d22c72088e165c7c"},{"id":"919629350525@c.us","name":"Yogi","age":"21","time":"13/08/21 02:31:44","serial":"7f830d14fadb46a8b2dd"},{"id":"2348039807003@c.us","name":"Jedidiah","age":"13\n#menu","time":"13/08/21 02:31:55","serial":"abb2589dabcbfa221ec8"},{"id":"919360658733@c.us","name":"Jega","age":"0","time":"13/08/21 02:34:45","serial":"26aa72e9cdb8306ea2a5"},{"id":"919488560628@c.us","name":"DeGoat","age":"26","time":"13/08/21 02:46:10","serial":"e16c312b4863a867d68b"},{"id":"919946758212@c.us","name":"pes suni","age":"23","time":"13/08/21 02:46:34","serial":"e4ab20cf5dbb5daa3199"},{"id":"919790016332@c.us","name":"Karthick","age":"24","time":"13/08/21 02:46:57","serial":"b56b7eb3da37605c3567"},{"id":"918438316411@c.us","name":"Sudhan","age":"20","time":"13/08/21 02:51:15","serial":"6f8304bde625a5e762bf"},{"id":"919443195096@c.us","name":"Robi","age":"21","time":"13/08/21 02:51:43","serial":"59394ec3f296633d0dbb"},{"id":"96181284040@c.us","name":"Dar","age":"7","time":"13/08/21 02:53:44","serial":"5df1adb72c0a8651346b"},{"id":"918056385763@c.us","name":"shreper","age":"21","time":"13/08/21 02:57:38","serial":"02d7448690864680fd2f"},{"id":"96176500852@c.us","name":"smil","age":"3","time":"13/08/21 03:00:09","serial":"0a94d28eb1af5c09c1b8"},{"id":"96181079799@c.us","name":"hitler","age":"19","time":"13/08/21 03:01:49","serial":"2c94615d18a7322c591d"},{"id":"918667812155@c.us","name":"surya","age":"19","time":"13/08/21 03:07:54","serial":"41493fca31f5ac8fda6a"},{"id":"96176532943@c.us","name":"omak","age":"20","time":"13/08/21 03:08:06","serial":"eae91f40dd57aae9ea11"},{"id":"917548896567@c.us","name":"Hari","age":"21","time":"13/08/21 03:08:27","serial":"79d88492310c732e4804"},{"id":"917305643320@c.us","name":"grat","age":"3","time":"13/08/21 03:08:57","serial":"cb5b0c851b3725ffed4b"},{"id":"917010360744@c.us","name":"Sujith","age":"20","time":"13/08/21 03:17:39","serial":"2d8a72fb263e1d80116f"},{"id":"918220029025@c.us","name":"Sami","age":"23","time":"13/08/21 03:17:45","serial":"4af3a076b201e93a93d9"},{"id":"9619545454@c.us","name":"ziz","age":"20","time":"13/08/21 03:20:46","serial":"f5e352a6062cf4dc4bd7"},{"id":"918220330727@c.us","name":"Owe","age":"2","time":"13/08/21 03:38:29","serial":"99ee7f4ac2af8c352169"},{"id":"265882678088@c.us","name":"I","age":"23","time":"13/08/21 03:45:04","serial":"372b84d6398817c8b27c"},{"id":"919319802819@c.us","name":"Manish","age":"20","time":"13/08/21 03:58:29","serial":"a91844e92910583900ac"},{"id":"212771918400@c.us","name":"4mnx","age":"13","time":"13/08/21 04:32:50","serial":"7c1584db3ee4257070ca"},{"id":"212666340282@c.us","name":"mouad","age":"16","time":"13/08/21 04:39:00","serial":"baf57960788e3927248c"},{"id":"94767677662@c.us","name":"Zafran","age":"22","time":"13/08/21 05:05:56","serial":"fed9ee78f28ce53c029c"},{"id":"919342286842@c.us","name":"Faris11z","age":"22","time":"13/08/21 05:23:05","serial":"318a2bddb8443f597baf"},{"id":"212652520617@c.us","name":"twygzi","age":"20","time":"13/08/21 06:27:03","serial":"c319de7b1ec651f78709"},{"id":"212648750562@c.us","name":"li 7wak","age":"19","time":"13/08/21 07:19:49","serial":"188ca2505b872ceabe73"},{"id":"212767569127@c.us","name":"knoka","age":"15","time":"13/08/21 07:54:44","serial":"98b69aab400a5d77f141"},{"id":"94755787737@c.us","name":"bryan","age":"26","time":"13/08/21 07:57:18","serial":"94eecb096ca27646beb2"},{"id":"918056360262@c.us","name":"staines","age":"19","time":"13/08/21 09:10:56","serial":"65a95033e7f6e22f33f1"},{"id":"918248419783@c.us","name":"Jagath","age":"19","time":"13/08/21 10:16:22","serial":"bddb3e658ccfeab54c09"},{"id":"917002496935@c.us","name":"Pulok","age":"15","time":"13/08/21 10:20:06","serial":"5e532d5ca80083dd787b"},{"id":"919789079831@c.us","name":"mahadevan","age":"20","time":"13/08/21 10:31:09","serial":"dc81b367972db41105ca"},{"id":"919157104456@c.us","name":"Bunty","age":"20","time":"13/08/21 10:34:59","serial":"ffd2a2bf3035ee2ead69"},{"id":"6285750731918@c.us","name":"Bunty","age":"20","time":"13/08/21 10:42:51","serial":"e18031f08182db3fa2f8"},{"id":"918072799350@c.us","name":"venkat","age":"19","time":"13/08/21 10:44:05","serial":"e1a8df55ccf66c2b7cb1"},{"id":"918428048099@c.us","name":"Sanjay","age":"18","time":"13/08/21 10:45:03","serial":"a394a9b0230d7557a246"},{"id":"919943622716@c.us","name":"Deadone","age":"21","time":"13/08/21 10:58:13","serial":"fa8ea5a5bbf5a614e71b"},{"id":"917639218966@c.us","name":"command 🦦","age":"23","time":"13/08/21 10:58:28","serial":"8f4a6ec49f8765b8a4df"},{"id":"919344088875@c.us","name":"Barathvajan","age":"20","time":"13/08/21 10:58:57","serial":"8873603893821f403476"},{"id":"919944791926@c.us","name":"sudharshan","age":"18","time":"13/08/21 11:22:13","serial":"c2c7d2484bfca2b906df"},{"id":"263713731847@c.us","name":"Terror","age":"21","time":"13/08/21 11:25:44","serial":"6cc33ab474913fa9628e"},{"id":"919884474838@c.us","name":"Danush","age":"17","time":"13/08/21 11:47:16","serial":"67ec5c8a5c218c045348"},{"id":"918870783671@c.us","name":"karthi","age":"23","time":"13/08/21 11:50:32","serial":"7e8c9327c218047830a5"},{"id":"94761952483@c.us","name":"Lugithan","age":"27","time":"13/08/21 14:40:34","serial":"0f95c83b78d32f9474a5"},{"id":"917010460276@c.us","name":"dbee","age":"15","time":"13/08/21 14:45:54","serial":"af6f4e24d9f5d33b4b4e"},{"id":"918660335353@c.us","name":"Hari","age":"22","time":"13/08/21 14:51:05","serial":"dc8570530348492da86b"},{"id":"917708737004@c.us","name":"Susil","age":"25","time":"13/08/21 14:51:05","serial":"6698de1c202864cadcc8"},{"id":"919629272673@c.us","name":"joke","age":"15","time":"13/08/21 14:55:47","serial":"1ff4e8c71137ad2fd1bf"},{"id":"919344310486@c.us","name":"neera","age":"9","time":"13/08/21 14:58:27","serial":"e69eaf64dc22ad15d0d3"},{"id":"94757588960@c.us","name":"kabithvajan","age":"5","time":"13/08/21 15:02:26","serial":"abf9c2ed59caf27d374d"},{"id":"919578450548@c.us","name":"albert","age":"21","time":"13/08/21 15:17:35","serial":"c6bcce8068ce75088b17"},{"id":"918248208408@c.us","name":"Command Kawin","age":"21","time":"13/08/21 15:19:14","serial":"11efe2a48804bac1ecc7"},{"id":"60177942544@c.us","name":"Mohsin","age":"14","time":"13/08/21 15:32:09","serial":"887800d4bf15abb59250"},{"id":"919080449078@c.us","name":"YB","age":"22","time":"13/08/21 15:34:00","serial":"def51740f6c862f13165"},{"id":"916369103581@c.us","name":"Suriya","age":"22","time":"13/08/21 15:38:12","serial":"19d74de22f389c7a43e5"},{"id":"60175223871@c.us","name":"Kishen","age":"18","time":"13/08/21 15:39:38","serial":"094cd694395f4c3fc1eb"},{"id":"263788575824@c.us","name":"Mane Mavis","age":"6","time":"13/08/21 15:49:47","serial":"4e6f20ee3b2c4efb21e8"},{"id":"919500648939@c.us","name":"sri","age":"21","time":"13/08/21 16:04:52","serial":"a409577dad5320b337db"},{"id":"917550238162@c.us","name":"Lakshman","age":"19","time":"13/08/21 16:19:03","serial":"0d6bcb2dc30c0869cc30"},{"id":"919071317233@c.us","name":"Lucife","age":"00","time":"13/08/21 16:39:25","serial":"32d6183d7bdd6fa30232"},{"id":"917694873878@c.us","name":"sanket","age":"18","time":"13/08/21 16:41:13","serial":"ae2c1f44c483d2c283eb"},{"id":"918961505817@c.us","name":"madridista_fan","age":"25 years","time":"13/08/21 16:42:59","serial":"4f5f8862c8d4fbbb067c"},{"id":"918050249569@c.us","name":"Goutham","age":"24","time":"13/08/21 16:43:04","serial":"90f8b7a677f86186add6"},{"id":"94776746496@c.us","name":"Fadhila","age":"18","time":"13/08/21 16:44:23","serial":"7f5bfb3c80fefebff05c"},{"id":"917823960001@c.us","name":"Aswi","age":"1","time":"13/08/21 16:46:19","serial":"635cd29ae5e1ab3698e4"},{"id":"918072806087@c.us","name":"Knight","age":"21","time":"13/08/21 16:54:22","serial":"e592df9c3ce171604592"},{"id":"919445799495@c.us","name":"Hari","age":"21","time":"13/08/21 17:17:28","serial":"60358f7dacdaa171664c"},{"id":"917397352985@c.us","name":"sa","age":"9","time":"13/08/21 17:20:44","serial":"623b80fb3c1713a4b664"},{"id":"919677653038@c.us","name":"Hari","age":"1","time":"13/08/21 17:20:58","serial":"31eeb30c26449ca23361"},{"id":"919489420342@c.us","name":"vroon","age":"22","time":"13/08/21 17:21:25","serial":"277044eaaa1dbd14e875"},{"id":"916383657052@c.us","name":"dusky","age":"22","time":"13/08/21 17:23:28","serial":"4758da7147e22971e2e7"},{"id":"919947808335@c.us","name":"Akash","age":"18","time":"13/08/21 17:26:23","serial":"6170ecd9b69697578970"},{"id":"919941463322@c.us","name":"Harsha","age":"20","time":"13/08/21 17:26:47","serial":"e8ee36cdcf1dcd38bab9"},{"id":"919080551936@c.us","name":"Mahi","age":"age","time":"13/08/21 17:48:08","serial":"c0210a15d006c87893bc"},{"id":"94716014321@c.us","name":"Fadhila","age":"18","time":"13/08/21 17:55:23","serial":"59370627c539520ea088"},{"id":"919840004347@c.us","name":"Manash mishra","age":"17","time":"13/08/21 18:46:30","serial":"a0a4a02d7b5cbd98bb6a"},{"id":"6588061017@c.us","name":"terence","age":"18","time":"13/08/21 18:50:54","serial":"e26c67a9ccbe0954f238"},{"id":"6588061017@c.us","name":"terence","age":"18","time":"13/08/21 18:50:46","serial":"3fa4f915f2b319bd073a"},{"id":"918754132870@c.us","name":"haadi","age":"20","time":"13/08/21 18:56:04","serial":"eb90d0a442d0adf50197"},{"id":"918910306298@c.us","name":"abhiop","age":"12","time":"13/08/21 20:07:50","serial":"ceaaa1563d51663d1a76"},{"id":"27670503581@c.us","name":"Enriqué","age":"18","time":"13/08/21 21:20:42","serial":"a30443c39382d7813f07"},{"id":"917439265017@c.us","name":"saky","age":"8","time":"13/08/21 21:31:17","serial":"f32e22418e66db52f9f7"},{"id":"917558970855@c.us","name":"sidharth","age":"18","time":"13/08/21 21:32:16","serial":"980480bf98b5234148bd"},{"id":"918100510074@c.us","name":"Tojo","age":"15","time":"13/08/21 21:59:10","serial":"4140f2c5d0fdd925bfde"},{"id":"601164461554@c.us","name":"hez","age":"15","time":"13/08/21 22:21:39","serial":"bfc10cba8b13fa8f3911"},{"id":"966550331394@c.us","name":"Fxl","age":"20","time":"13/08/21 22:24:22","serial":"8a9d19877c2d3e8cf437"},{"id":"97470026662@c.us","name":"salt","age":"15","time":"13/08/21 23:10:03","serial":"0533fac68c6d5167d2c7"},{"id":"6287832560475@c.us","name":"Vellisya","age":"15","time":"13/08/21 23:37:17","serial":"f9f58a99c267ae4b7e07"},{"id":"17576020466@c.us","name":"james","age":"18","time":"13/08/21 23:38:16","serial":"589cce86a8eb2f3cb2cb"},{"id":"919433047564@c.us","name":"Rishav","age":"18","time":"13/08/21 23:38:33","serial":"4e560e36fce480df4489"},{"id":"918848779730@c.us","name":"Krishnan","age":"12","time":"13/08/21 23:42:53","serial":"4fbc9887c14b57f701a4"},{"id":"916394380522@c.us","name":"Deepanshu","age":"**","time":"13/08/21 23:43:57","serial":"4201118244fd19765a38"},{"id":"96171472838@c.us","name":"bob","age":"16","time":"14/08/21 01:02:21","serial":"5e16a44a1cf8690360db"},{"id":"94766547787@c.us","name":"hadhini","age":"18","time":"14/08/21 01:13:06","serial":"61db871126c41137eff6"},{"id":"918383802181@c.us","name":"sparsh","age":"17","time":"14/08/21 02:05:16","serial":"b92bbec3e6be72b4eeeb"},{"id":"265883269128@c.us","name":"victor","age":"20","time":"14/08/21 03:19:16","serial":"4749161392c4f569e55c"},{"id":"265885525272@c.us","name":"BL","age":"17","time":"14/08/21 03:45:35","serial":"1da42f14df484412b866"},{"id":"212684877312@c.us","name":"ansed","age":"18","time":"14/08/21 08:08:02","serial":"cb8e81d2b68b3c72dd9e"},{"id":"212642276395@c.us","name":"Edward","age":"24","time":"14/08/21 08:29:22","serial":"55861c661046975e317f"},{"id":"212703671572@c.us","name":"led","age":"16","time":"14/08/21 08:44:26","serial":"62a713f852b8a18542c0"},{"id":"96170401507@c.us","name":"justin","age":"30","time":"14/08/21 13:56:52","serial":"a5fa945b960261c6c060"},{"id":"916385486026@c.us","name":"Joe","age":"18","time":"14/08/21 14:19:09","serial":"87c11ec7a887408d82e7"},{"id":"916382950488@c.us","name":"vinith","age":"18","time":"14/08/21 14:24:32","serial":"f77c90dbd93334f738e0"},{"id":"919003543634@c.us","name":"Auskin","age":"19","time":"14/08/21 14:29:40","serial":"dbec4b9fa5a12d6de993"},{"id":"919047823292@c.us","name":"Nithish","age":"21","time":"14/08/21 14:30:51","serial":"456a3949d7cab2b70e2d"},{"id":"50765923051@c.us","name":"ok","age":"3","time":"14/08/21 14:34:53","serial":"0f8e70b1bc66f48c1773"},{"id":"50765923051@c.us","name":"ok","age":"3","time":"14/08/21 14:35:12","serial":"69ca7e9dd8b734e69ff7"},{"id":"917299417070@c.us","name":"Bhujit","age":"19","time":"14/08/21 14:42:29","serial":"c2984435c5f90a23a4d9"},{"id":"919962797701@c.us","name":"moha","age":"21","time":"14/08/21 15:16:12","serial":"b5ce7ed856913cd34113"},{"id":"918921208266@c.us","name":"disco","age":"10","time":"14/08/21 15:41:06","serial":"26c7f3015d4f585ca3d4"},{"id":"917306707259@c.us","name":"jake","age":"16","time":"14/08/21 15:41:41","serial":"295c0c4327cea51f0270"},{"id":"263775738509@c.us","name":"name Sta","age":"ge 24","time":"14/08/21 16:12:35","serial":"8f85dc30272bee612541"},{"id":"96171220302@c.us","name":"Lio","age":"18","time":"14/08/21 16:13:08","serial":"c71a7caf307f7eff1fce"},{"id":"919080002346@c.us","name":"Aro","age":"9","time":"14/08/21 16:33:26","serial":"42150ac5a5b2cc9f0510"},{"id":"6281393890570@c.us","name":"big boba","age":"19","time":"14/08/21 17:56:06","serial":"43519ad3ecfc996413a7"},{"id":"918340553112@c.us","name":"anmol","age":"20","time":"14/08/21 20:22:34","serial":"100c9927aa1593e705f5"},{"id":"2349023483432@c.us","name":"Phili","age":"5","time":"14/08/21 20:34:42","serial":"570cae7f024811067a77"},{"id":"918617762727@c.us","name":"ujam","age":"6","time":"14/08/21 21:26:04","serial":"02ca31a609e7ab351d96"},{"id":"919339047993@c.us","name":"bichi","age":"20","time":"14/08/21 21:39:14","serial":"5cd982bd691f9104b33e"},{"id":"918017941192@c.us","name":"Rajarshi","age":"15","time":"14/08/21 21:42:54","serial":"1e864e76e5867a1f1975"}]